city_id,corridor,agent_display,agent_normalized,phone,company,listing_count,broker_activity_score
pune,Kharadi,Sai Realtors,sai realtors,,,2,9.8
pune,Baner,Sai Realtors,sai realtors,,,2,9.8
pune,Baner,Blue Square Realty,blue square realty,,,2,9.8
pune,Viman Nagar,Property Bay,property bay,,,2,9.8
pune,Viman Nagar,Yash Properties,yash properties,,,2,9.8
pune,Viman Nagar,Sneha Property,sneha property,,,2,9.8
pune,Viman Nagar,National Properties,national properties,,,2,9.8
pune,Viman Nagar,Sai Realtors,sai realtors,,,2,9.8
pune,Balewadi,Sai Realtors,sai realtors,,,2,9.8
pune,Balewadi,Property Plan It,property plan it,,,2,9.8
pune,Hinjewadi,Navnit Aditya,navnit aditya,,,1,4.8
pune,Wakad,Dream Home Real Estate Consultancy,dream home real estate consultancy,,,1,4.8
pune,Wakad,Shubham,shubham,,,1,4.8
pune,Wakad,Premium Plus Properties,premium plus properties,,,1,4.8
pune,Wakad,Lexis Realty,lexis realty,,,1,4.8
pune,Wakad,Foresight Properties,foresight properties,,,1,4.8
pune,Wakad,Property For Sale Pune Dotcom,property for sale pune dotcom,,,1,4.8
pune,Wakad,Prowave Consultants,prowave consultants,,,1,4.8
pune,Wakad,Associate,associate,,,1,4.8
pune,Wakad,Abhay Rathod,abhay rathod,,,1,4.8
pune,Wakad,Sharma Enterprises,sharma enterprises,,,1,4.8
pune,Wakad,Awanish Singh,awanish singh,,,1,4.8
pune,Wakad,The Resale Corner,the resale corner,,,1,4.8
pune,Wakad,Shree Krishna Properties,shree krishna properties,,,1,4.8
pune,Wakad,Lifestyle Estates,lifestyle estates,,,1,4.8
pune,Kharadi,JSK Realtors,jsk realtors,,,1,4.8
pune,Kharadi,Pride Realty,pride realty,,,1,4.8
pune,Kharadi,Prathmesh Properties,prathmesh properties,,,1,4.8
pune,Kharadi,Mahindra Lifespace Developers Ltd.,mahindra lifespace developers ltd.,,,1,4.8
pune,Kharadi,Pal Realty Ventures Pvt Ltd,pal realty ventures pvt ltd,,,1,4.8
pune,Kharadi,"Ocean Konnect, Property Consultants","ocean konnect, property consultants",,,1,4.8
pune,Kharadi,Royal Realty,royal realty,,,1,4.8
pune,Kharadi,Milestone Properties,milestone properties,,,1,4.8
pune,Kharadi,Poona Properties Adviser,poona properties adviser,,,1,4.8
pune,Kharadi,Saturn Asset World LLP,saturn asset world llp,,,1,4.8
pune,Kharadi,Tej Properties,tej properties,,,1,4.8
pune,Kharadi,Pune Infra,pune infra,,,1,4.8
pune,Kharadi,Royal Star Properties,royal star properties,,,1,4.8
pune,Kharadi,RK Realty Solutions,rk realty solutions,,,1,4.8
pune,Kharadi,Property Experts,property experts,,,1,4.8
pune,Kharadi,Four Pillars,four pillars,,,1,4.8
pune,Kharadi,Honey Realtors,honey realtors,,,1,4.8
pune,Kharadi,PROP-G REALTY,prop-g realty,,,1,4.8
pune,Kharadi,M S Real Estate Consultants,m s real estate consultants,,,1,4.8
pune,Kharadi,Prop India,prop india,,,1,4.8
pune,Kharadi,Welcome Realty,welcome realty,,,1,4.8
pune,Kharadi,Sachan Property,sachan property,,,1,4.8
pune,Kharadi,Realty Roof,realty roof,,,1,4.8
pune,Kharadi,Marvel Properties,marvel properties,,,1,4.8
pune,Kharadi,Pramila,pramila,,,1,4.8
pune,Kharadi,Saifahmed Faizahmed Bhayani,saifahmed faizahmed bhayani,,,1,4.8
pune,Kharadi,PROPSERVE VENTURES LLP,propserve ventures llp,,,1,4.8
pune,Kharadi,Propland Advisor,propland advisor,,,1,4.8
pune,Kharadi,Savi Buildcon,savi buildcon,,,1,4.8
pune,Kharadi,Vighnaharta Properties,vighnaharta properties,,,1,4.8
pune,Kharadi,Property Dot Com,property dot com,,,1,4.8
pune,Kharadi,Kharadi Real Estate,kharadi real estate,,,1,4.8
pune,Kharadi,Brixton Homes,brixton homes,,,1,4.8
pune,Kharadi,National Properties,national properties,,,1,4.8
pune,Kharadi,Gaurav Properties And Investment Consultants,gaurav properties and investment consultants,,,1,4.8
pune,Kharadi,Amigos Estate,amigos estate,,,1,4.8
pune,Kharadi,Anuj Mishra,anuj mishra,,,1,4.8
pune,Kharadi,A K Properties,a k properties,,,1,4.8
pune,Kharadi,Clear Deals Property,clear deals property,,,1,4.8
pune,Kharadi,True Star Realty,true star realty,,,1,4.8
pune,Kharadi,B Square Realty,b square realty,,,1,4.8
pune,Kharadi,Kargil Properties,kargil properties,,,1,4.8
pune,Kharadi,Lakshsiddh Ventures Pvt. Ltd,lakshsiddh ventures pvt. ltd,,,1,4.8
pune,Kharadi,Prop Biz Advisors Pvt. Ltd,prop biz advisors pvt. ltd,,,1,4.8
pune,Kharadi,A B Propbricks,a b propbricks,,,1,4.8
pune,Kharadi,Realty Check,realty check,,,1,4.8
pune,Kharadi,Shah Properties,shah properties,,,1,4.8
pune,Kharadi,Harsh Enterprises,harsh enterprises,,,1,4.8
pune,Kharadi,Reliable Estates,reliable estates,,,1,4.8
pune,Kharadi,Om Real Estate,om real estate,,,1,4.8
pune,Kharadi,Pune Shelters,pune shelters,,,1,4.8
pune,Kharadi,Pune Property Investor,pune property investor,,,1,4.8
pune,Kharadi,Vidhyapurna Properties,vidhyapurna properties,,,1,4.8
pune,Kharadi,EON Properties,eon properties,,,1,4.8
pune,Kharadi,Samir Chopra,samir chopra,,,1,4.8
pune,Kharadi,Pride And Property,pride and property,,,1,4.8
pune,Kharadi,Ayansh Broker Club LLP,ayansh broker club llp,,,1,4.8
pune,Kharadi,Hiranandani Properties,hiranandani properties,,,1,4.8
pune,Kharadi,Om Sai Enterprises,om sai enterprises,,,1,4.8
pune,Baner,Prop Keepers,prop keepers,,,1,4.8
pune,Baner,National Properties,national properties,,,1,4.8
pune,Baner,Avenue Homes & Properties,avenue homes & properties,,,1,4.8
pune,Baner,No To Brokerage,no to brokerage,,,1,4.8
pune,Baner,Sharma Enterprises,sharma enterprises,,,1,4.8
pune,Baner,Homes HUB,homes hub,,,1,4.8
pune,Baner,Nayaa Property Services Pvt Ltd,nayaa property services pvt ltd,,,1,4.8
pune,Baner,Surya Properties & Services,surya properties & services,,,1,4.8
pune,Baner,Satyajit Realtors,satyajit realtors,,,1,4.8
pune,Baner,Universal Property,universal property,,,1,4.8
pune,Baner,Yugantika Properties,yugantika properties,,,1,4.8
pune,Baner,Elite24,elite24,,,1,4.8
pune,Baner,Western Property,western property,,,1,4.8
pune,Baner,Dreamz Realty,dreamz realty,,,1,4.8
pune,Baner,Padale Properties,padale properties,,,1,4.8
pune,Baner,Insta Property Hint,insta property hint,,,1,4.8
pune,Baner,Prowave Consultants,prowave consultants,,,1,4.8
pune,Baner,Homebeats Realty,homebeats realty,,,1,4.8
pune,Baner,Urban Nest Reality,urban nest reality,,,1,4.8
pune,Baner,Singh Properties,singh properties,,,1,4.8
pune,Baner,Champion Properties,champion properties,,,1,4.8
pune,Baner,Roy Properties,roy properties,,,1,4.8
pune,Baner,SR Realty,sr realty,,,1,4.8
pune,Baner,Realtors Estate Consultants,realtors estate consultants,,,1,4.8
pune,Baner,Rita Patni,rita patni,,,1,4.8
pune,Baner,Indi Props Overseas Services,indi props overseas services,,,1,4.8
pune,Baner,Vastu Properties,vastu properties,,,1,4.8
pune,Baner,Shree Krishna Properties,shree krishna properties,,,1,4.8
pune,Baner,Anjul Yogi,anjul yogi,,,1,4.8
pune,Baner,Katariya Estate,katariya estate,,,1,4.8
pune,Baner,Bulls Eye Property Solution,bulls eye property solution,,,1,4.8
pune,Baner,Lifestyle Estates,lifestyle estates,,,1,4.8
pune,Baner,KR Real Estate,kr real estate,,,1,4.8
pune,Baner,Foresight Properties,foresight properties,,,1,4.8
pune,Baner,Mishra Properties,mishra properties,,,1,4.8
pune,Baner,City Real Estate,city real estate,,,1,4.8
pune,Baner,Atharva Ventures,atharva ventures,,,1,4.8
pune,Baner,Propndeals Realty Pvt. Ltd.,propndeals realty pvt. ltd.,,,1,4.8
pune,Baner,Matrix Realtor,matrix realtor,,,1,4.8
pune,Baner,Aarti Real Estate,aarti real estate,,,1,4.8
pune,Baner,Jain Group Properties,jain group properties,,,1,4.8
pune,Baner,Property For Sale Pune Dotcom,property for sale pune dotcom,,,1,4.8
pune,Baner,Pinata Consultants Pvt Ltd,pinata consultants pvt ltd,,,1,4.8
pune,Baner,I Book My Home,i book my home,,,1,4.8
pune,Baner,Jay Real Estate Consultant,jay real estate consultant,,,1,4.8
pune,Baner,Sparkle Properties,sparkle properties,,,1,4.8
pune,Baner,Sunroof Properties,sunroof properties,,,1,4.8
pune,Baner,BVG Properties,bvg properties,,,1,4.8
pune,Baner,Rajmudra Reality,rajmudra reality,,,1,4.8
pune,Baner,Pearl Quest Associates Pvt. Ltd.,pearl quest associates pvt. ltd.,,,1,4.8
pune,Baner,Qubic Realty,qubic realty,,,1,4.8
pune,Baner,Tree Properties,tree properties,,,1,4.8
pune,Baner,Neetikesh Shelke,neetikesh shelke,,,1,4.8
pune,Baner,LIVINGSPACE REALTY,livingspace realty,,,1,4.8
pune,Baner,Sankalp Consultants,sankalp consultants,,,1,4.8
pune,Baner,Right Value Realtor,right value realtor,,,1,4.8
pune,Baner,Properties United,properties united,,,1,4.8
pune,Baner,JSK Realtors,jsk realtors,,,1,4.8
pune,Baner,Optimum Nest Property Consultants Pvt Ltd,optimum nest property consultants pvt ltd,,,1,4.8
pune,Baner,Altura Realty LLP,altura realty llp,,,1,4.8
pune,Baner,Right Keyz Reality,right keyz reality,,,1,4.8
pune,Baner,Akshay,akshay,,,1,4.8
pune,Baner,Gurupa Properties & Services,gurupa properties & services,,,1,4.8
pune,Baner,Trisha Properties,trisha properties,,,1,4.8
pune,Baner,The Pinnacle Property,the pinnacle property,,,1,4.8
pune,Hadapsar,Sigma Buildzone,sigma buildzone,,,1,4.8
pune,Viman Nagar,Nancy Acharya,nancy acharya,,,1,4.8
pune,Viman Nagar,Prathmesh Properties,prathmesh properties,,,1,4.8
pune,Viman Nagar,Kargil Properties,kargil properties,,,1,4.8
pune,Viman Nagar,Prop India,prop india,,,1,4.8
pune,Viman Nagar,A7 Properties,a7 properties,,,1,4.8
pune,Viman Nagar,Sunshine Properties,sunshine properties,,,1,4.8
pune,Viman Nagar,Sachin,sachin,,,1,4.8
pune,Viman Nagar,Luxliving Realty,luxliving realty,,,1,4.8
pune,Viman Nagar,M S Real Estate Consultants,m s real estate consultants,,,1,4.8
pune,Viman Nagar,Prop Esta Realty Solutions,prop esta realty solutions,,,1,4.8
pune,Viman Nagar,Rushub,rushub,,,1,4.8
pune,Viman Nagar,Housing Story Pvt Ltd,housing story pvt ltd,,,1,4.8
pune,Viman Nagar,ATUL PATOLE,atul patole,,,1,4.8
pune,Viman Nagar,Saurabh Singh,saurabh singh,,,1,4.8
pune,Viman Nagar,Turtle Realtor,turtle realtor,,,1,4.8
pune,Viman Nagar,A Square Solutions,a square solutions,,,1,4.8
pune,Viman Nagar,Shaakuntal Properties,shaakuntal properties,,,1,4.8
pune,Viman Nagar,Saifahmed Faizahmed Bhayani,saifahmed faizahmed bhayani,,,1,4.8
pune,Viman Nagar,Saturn Asset World LLP,saturn asset world llp,,,1,4.8
pune,Viman Nagar,Pune Shelters,pune shelters,,,1,4.8
pune,Viman Nagar,Rajput Realtor,rajput realtor,,,1,4.8
pune,Viman Nagar,3 Pillars Realty,3 pillars realty,,,1,4.8
pune,Viman Nagar,Avenue Realty,avenue realty,,,1,4.8
pune,Viman Nagar,"Ocean Konnect, Property Consultants","ocean konnect, property consultants",,,1,4.8
pune,Viman Nagar,Pradip Haldar,pradip haldar,,,1,4.8
pune,Viman Nagar,Yess Broker Reality LLP,yess broker reality llp,,,1,4.8
pune,Viman Nagar,Sahara Properties,sahara properties,,,1,4.8
pune,Viman Nagar,JSK Realtors,jsk realtors,,,1,4.8
pune,Viman Nagar,Om Real Estate,om real estate,,,1,4.8
pune,Viman Nagar,The Property Realtor,the property realtor,,,1,4.8
pune,Viman Nagar,Lakshsiddh Ventures Pvt. Ltd,lakshsiddh ventures pvt. ltd,,,1,4.8
pune,Viman Nagar,Hiranandani Properties,hiranandani properties,,,1,4.8
pune,Viman Nagar,Sai Dreeam Homes,sai dreeam homes,,,1,4.8
pune,Viman Nagar,Infinity Properties,infinity properties,,,1,4.8
pune,Viman Nagar,Umbrella Properties,umbrella properties,,,1,4.8
pune,Viman Nagar,Divine Realtors,divine realtors,,,1,4.8
pune,Viman Nagar,Absolute Living Property Services,absolute living property services,,,1,4.8
pune,Viman Nagar,Nexus Realttors,nexus realttors,,,1,4.8
pune,Viman Nagar,Gaurav Properties And Investment Consultants,gaurav properties and investment consultants,,,1,4.8
pune,Viman Nagar,Pan India Realty,pan india realty,,,1,4.8
pune,Viman Nagar,Brickwise Property,brickwise property,,,1,4.8
pune,Balewadi,Property Connect,property connect,,,1,4.8
pune,Balewadi,Saykar Real Estates,saykar real estates,,,1,4.8
pune,Balewadi,Sharma Enterprises,sharma enterprises,,,1,4.8
pune,Balewadi,Kuber Realtors,kuber realtors,,,1,4.8
pune,Balewadi,Awanish Singh,awanish singh,,,1,4.8
pune,Balewadi,Property For Sale Pune Dotcom,property for sale pune dotcom,,,1,4.8
pune,Balewadi,Blumoon Realty,blumoon realty,,,1,4.8
pune,Balewadi,Foresight Real Infra LLP,foresight real infra llp,,,1,4.8
pune,Balewadi,Vikram,vikram,,,1,4.8
pune,Balewadi,Western Property,western property,,,1,4.8
pune,Balewadi,Dreamz Realty,dreamz realty,,,1,4.8
pune,Balewadi,Skybridge Realty Solutions,skybridge realty solutions,,,1,4.8
pune,Balewadi,Singh Properties,singh properties,,,1,4.8
pune,Balewadi,Clear Deals Property,clear deals property,,,1,4.8
pune,Balewadi,SR Realty,sr realty,,,1,4.8
pune,Balewadi,Nest Seekers,nest seekers,,,1,4.8
pune,Balewadi,KR Properties,kr properties,,,1,4.8
pune,Balewadi,Stable Future Estate Kart,stable future estate kart,,,1,4.8
pune,Balewadi,Vastu Properties,vastu properties,,,1,4.8
pune,Balewadi,The Resale Corner,the resale corner,,,1,4.8
pune,Balewadi,Nestor Properties,nestor properties,,,1,4.8
pune,Balewadi,Roy Properties,roy properties,,,1,4.8
pune,Balewadi,KR Real Estate,kr real estate,,,1,4.8
pune,Balewadi,Champion Properties,champion properties,,,1,4.8
pune,Balewadi,Homebeats Realty,homebeats realty,,,1,4.8
pune,Balewadi,Homes HUB,homes hub,,,1,4.8
pune,Balewadi,Foresight Properties,foresight properties,,,1,4.8
pune,Balewadi,Prime Home Pune,prime home pune,,,1,4.8
pune,Balewadi,Nirvana Homes,nirvana homes,,,1,4.8
pune,Balewadi,Realty Check,realty check,,,1,4.8
pune,Balewadi,Mishra Properties,mishra properties,,,1,4.8
pune,Balewadi,No To Brokerage,no to brokerage,,,1,4.8
pune,Balewadi,A Square Solutions,a square solutions,,,1,4.8
pune,Balewadi,Universal Property,universal property,,,1,4.8
pune,Balewadi,Jain Group Properties,jain group properties,,,1,4.8
pune,Balewadi,Properties United,properties united,,,1,4.8
pune,Balewadi,Jay Real Estate Consultant,jay real estate consultant,,,1,4.8
pune,Balewadi,Prem Jadhav,prem jadhav,,,1,4.8
pune,Balewadi,Propkey Solution,propkey solution,,,1,4.8
pune,Balewadi,I Book My Home,i book my home,,,1,4.8
pune,Balewadi,Aarti Real Estate,aarti real estate,,,1,4.8
pune,Balewadi,S K Properties,s k properties,,,1,4.8
pune,Balewadi,Atharva Ventures,atharva ventures,,,1,4.8
pune,Balewadi,Saturn Asset World LLP,saturn asset world llp,,,1,4.8
pune,Balewadi,BLD Realtors,bld realtors,,,1,4.8
pune,Balewadi,Happy Homez,happy homez,,,1,4.8
pune,Balewadi,Pearl Quest Associates Pvt. Ltd.,pearl quest associates pvt. ltd.,,,1,4.8
pune,Balewadi,Tree Properties,tree properties,,,1,4.8
pune,Balewadi,Siddharth Enterprises,siddharth enterprises,,,1,4.8
pune,Balewadi,Property Plus,property plus,,,1,4.8
pune,Balewadi,Neetikesh Shelke,neetikesh shelke,,,1,4.8
pune,Balewadi,R K.Properties,r k.properties,,,1,4.8
pune,Balewadi,Optimum Nest Property Consultants Pvt Ltd,optimum nest property consultants pvt ltd,,,1,4.8
pune,Balewadi,Shubham,shubham,,,1,4.8
pune,Balewadi,Highstreet Realty,highstreet realty,,,1,4.8
pune,Balewadi,Blue Square Realty,blue square realty,,,1,4.8
pune,Balewadi,Sparkle Properties,sparkle properties,,,1,4.8
pune,Balewadi,Shree Ganesh Real Estate,shree ganesh real estate,,,1,4.8
pune,Balewadi,1 Roof Properties,1 roof properties,,,1,4.8
pune,Balewadi,Realtors Compass,realtors compass,,,1,4.8
pune,Balewadi,Qubic Realty,qubic realty,,,1,4.8
pune,Balewadi,JSK Realtors,jsk realtors,,,1,4.8
pune,Balewadi,Bhaskar Patil,bhaskar patil,,,1,4.8
pune,Balewadi,Estate Folio Realty,estate folio realty,,,1,4.8
pune,Balewadi,Property Folks Advisory Pvt Ltd,property folks advisory pvt ltd,,,1,4.8
pune,Balewadi,Valecha Desai,valecha desai,,,1,4.8
pune,Balewadi,Altura Realty LLP,altura realty llp,,,1,4.8
pune,Balewadi,Prop Sure Solutions,prop sure solutions,,,1,4.8
pune,Balewadi,Shree Realty,shree realty,,,1,4.8
pune,Balewadi,Lahanuji Enterprises,lahanuji enterprises,,,1,4.8
pune,Balewadi,BVG Properties,bvg properties,,,1,4.8
pune,Balewadi,Rajmudra Reality,rajmudra reality,,,1,4.8
pune,Balewadi,Insta Property Hint,insta property hint,,,1,4.8
pune,Balewadi,Trisha Properties,trisha properties,,,1,4.8
pune,Balewadi,Gandhi Estates,gandhi estates,,,1,4.8
pune,Balewadi,Sharma Properties,sharma properties,,,1,4.8
pune,Balewadi,Nimbleland Infracon LLP,nimbleland infracon llp,,,1,4.8
pune,Balewadi,The Pinnacle Property,the pinnacle property,,,1,4.8
pune,Balewadi,Ranka,ranka,,,1,4.8
pune,Ambegaon,Dream Home Properties,dream home properties,,,1,4.8
pune,Ambegaon,Dnyanesh Jadhavrao,dnyanesh jadhavrao,,,1,4.8
pune,Ambegaon,Shree Mahalaxmi Estate Agency,shree mahalaxmi estate agency,,,1,4.8
pune,Ambegaon,Soham Enterprises,soham enterprises,,,1,4.8
pune,Ambegaon,The Pyramids Properties,the pyramids properties,,,1,4.8
pune,Ambegaon,Prop Keepers,prop keepers,,,1,4.8
pune,Ambegaon,Dinesh Realtors,dinesh realtors,,,1,4.8
pune,Undri,Ozone Properties,ozone properties,,,1,4.8
pune,Undri,Sinhagad Reality,sinhagad reality,,,1,4.8
mumbai,Bandra,DHM Estates,dhm estates,,,2,10.0
mumbai,Powai,Persqrfoot Realty,persqrfoot realty,,,1,5.0
mumbai,Powai,Ishwar Properties,ishwar properties,,,1,5.0
mumbai,Powai,Highlight Property,highlight property,,,1,5.0
mumbai,Powai,Vivaan Property Consultant,vivaan property consultant,,,1,5.0
mumbai,Powai,Riddhisiddhi Property,riddhisiddhi property,,,1,5.0
mumbai,Powai,Property Dealer,property dealer,,,1,5.0
mumbai,Powai,Sammaan Capital,sammaan capital,,,1,5.0
mumbai,Powai,Value Play Ventures LLP,value play ventures llp,,,1,5.0
mumbai,Powai,Mamtani Real Estate Agency,mamtani real estate agency,,,1,5.0
mumbai,Powai,Mishra Properties,mishra properties,,,1,5.0
mumbai,Powai,Property First,property first,,,1,5.0
mumbai,Powai,Spectraa Real Estate Advisory,spectraa real estate advisory,,,1,5.0
mumbai,Powai,Housewise.In,housewise.in,,,1,5.0
mumbai,Powai,Magic Home,magic home,,,1,5.0
mumbai,Powai,Sachin,sachin,,,1,5.0
mumbai,Powai,Northwhite Real Estate Advisory,northwhite real estate advisory,,,1,5.0
mumbai,Powai,Soaring Real Fin Tech Pvt Ltd,soaring real fin tech pvt ltd,,,1,5.0
mumbai,Powai,Uttam Property Consultants,uttam property consultants,,,1,5.0
mumbai,Powai,Magic Gates,magic gates,,,1,5.0
mumbai,Powai,Gharkul Property,gharkul property,,,1,5.0
mumbai,Powai,Green Home Property,green home property,,,1,5.0
mumbai,Powai,Vishal Property Consultant,vishal property consultant,,,1,5.0
mumbai,Powai,Manasvi Properties,manasvi properties,,,1,5.0
mumbai,Powai,Sushil Enterprises,sushil enterprises,,,1,5.0
mumbai,Powai,Buddhay Royal Enterprises,buddhay royal enterprises,,,1,5.0
mumbai,Powai,Alif Estate Consultants,alif estate consultants,,,1,5.0
mumbai,Powai,Tohfa Property,tohfa property,,,1,5.0
mumbai,Powai,Shruti,shruti,,,1,5.0
mumbai,Powai,Ankit,ankit,,,1,5.0
mumbai,Powai,Balaji Enterprises,balaji enterprises,,,1,5.0
mumbai,Powai,The Jangid Brothers,the jangid brothers,,,1,5.0
mumbai,Powai,Golden Keys,golden keys,,,1,5.0
mumbai,Powai,Durga Realtors,durga realtors,,,1,5.0
mumbai,Powai,Four Walls Real Estate Consultant,four walls real estate consultant,,,1,5.0
mumbai,Powai,Esspee Wintrade Consultants Pvt. Ltd.,esspee wintrade consultants pvt. ltd.,,,1,5.0
mumbai,Powai,Rupiyaa Realty,rupiyaa realty,,,1,5.0
mumbai,Powai,Homes 4 All,homes 4 all,,,1,5.0
mumbai,Powai,Surya Realty,surya realty,,,1,5.0
mumbai,Powai,Mannat Homes Property,mannat homes property,,,1,5.0
mumbai,Powai,Nitin Property Consultant,nitin property consultant,,,1,5.0
mumbai,Powai,A.T.S Consultancy,a.t.s consultancy,,,1,5.0
mumbai,Powai,Meena Estate Agency,meena estate agency,,,1,5.0
mumbai,Powai,Asmita Estate Agency,asmita estate agency,,,1,5.0
mumbai,Powai,Uniq Consultancy,uniq consultancy,,,1,5.0
mumbai,Powai,Star Properties,star properties,,,1,5.0
mumbai,Powai,Sushant Property India,sushant property india,,,1,5.0
mumbai,Powai,Santosh,santosh,,,1,5.0
mumbai,Powai,Nabi Shaikh,nabi shaikh,,,1,5.0
mumbai,Powai,Shreeram Property Consultant,shreeram property consultant,,,1,5.0
mumbai,Powai,Jai Ambe Real Estate Consultants,jai ambe real estate consultants,,,1,5.0
mumbai,Powai,Godspeed Realties,godspeed realties,,,1,5.0
mumbai,Powai,Shah Consultancy,shah consultancy,,,1,5.0
mumbai,Powai,Yes Property,yes property,,,1,5.0
mumbai,Powai,Ram Real Estate,ram real estate,,,1,5.0
mumbai,Powai,Tulip Realty,tulip realty,,,1,5.0
mumbai,Powai,Property Fete Services Pvt. Ltd.,property fete services pvt. ltd.,,,1,5.0
mumbai,Powai,Om Siddhi Properties,om siddhi properties,,,1,5.0
mumbai,Powai,Spaces And Places,spaces and places,,,1,5.0
mumbai,Powai,Accurate Deals,accurate deals,,,1,5.0
mumbai,Andheri East,Group Satellite And Rockford Group,group satellite and rockford group,,,1,5.0
mumbai,Andheri East,I STAY HOUSING PRIVATE LIMITED,i stay housing private limited,,,1,5.0
mumbai,Andheri East,Dynamix Group,dynamix group,,,1,5.0
mumbai,Andheri East,Resicom Capital Advisors,resicom capital advisors,,,1,5.0
mumbai,Andheri East,Panom Developers,panom developers,,,1,5.0
mumbai,Andheri East,Property Dealer,property dealer,,,1,5.0
mumbai,Andheri East,Lookin Realty,lookin realty,,,1,5.0
mumbai,Andheri East,Alif Estate Consultants,alif estate consultants,,,1,5.0
mumbai,Andheri East,Property Fete Services Pvt. Ltd.,property fete services pvt. ltd.,,,1,5.0
mumbai,Andheri East,Metro Properties,metro properties,,,1,5.0
mumbai,Andheri East,Kalpataru Estate,kalpataru estate,,,1,5.0
mumbai,Andheri East,Done Deal,done deal,,,1,5.0
mumbai,Andheri East,D S Estate Agency,d s estate agency,,,1,5.0
mumbai,Andheri East,R L Realty,r l realty,,,1,5.0
mumbai,Andheri East,Mamtani Real Estate Agency,mamtani real estate agency,,,1,5.0
mumbai,Andheri East,Tejasvi Realty Pvt. Ltd.,tejasvi realty pvt. ltd.,,,1,5.0
mumbai,Andheri East,Housewise.In,housewise.in,,,1,5.0
mumbai,Andheri East,Star Estate Consultants,star estate consultants,,,1,5.0
mumbai,Andheri East,Parin Patel,parin patel,,,1,5.0
mumbai,Andheri East,Buri Kali Mata Real Estate Consultant,buri kali mata real estate consultant,,,1,5.0
mumbai,Andheri East,Bhageerati Real Estate,bhageerati real estate,,,1,5.0
mumbai,Andheri East,Uniq Consultancy,uniq consultancy,,,1,5.0
mumbai,Andheri East,Bhoomi Realty,bhoomi realty,,,1,5.0
mumbai,Andheri East,Four Walls Real Estate Consultant,four walls real estate consultant,,,1,5.0
mumbai,Andheri East,Dream Spaces,dream spaces,,,1,5.0
mumbai,Andheri East,Prime Properties,prime properties,,,1,5.0
mumbai,Andheri East,Vivaan Property Consultant,vivaan property consultant,,,1,5.0
mumbai,Andheri East,Aarambh Properties,aarambh properties,,,1,5.0
mumbai,Andheri East,Ajay Tiwari,ajay tiwari,,,1,5.0
mumbai,Andheri East,Rubaru Global Real Estate Private Limited,rubaru global real estate private limited,,,1,5.0
mumbai,Andheri East,Adrian Dsouza Estate,adrian dsouza estate,,,1,5.0
mumbai,Andheri East,Namrata Estate Consultancy,namrata estate consultancy,,,1,5.0
mumbai,Andheri East,Raj Realty,raj realty,,,1,5.0
mumbai,Andheri East,Tushar Surekha,tushar surekha,,,1,5.0
mumbai,Andheri East,Sushant Property India,sushant property india,,,1,5.0
mumbai,Andheri East,Priime Property Dealer,priime property dealer,,,1,5.0
mumbai,Andheri East,Jaiswal Real Estate Consultant,jaiswal real estate consultant,,,1,5.0
mumbai,Andheri East,Inspire Property Venture,inspire property venture,,,1,5.0
mumbai,Andheri East,Ajay Arya,ajay arya,,,1,5.0
mumbai,Andheri East,Divyansh Properties,divyansh properties,,,1,5.0
mumbai,Andheri East,Shiv Estate Agency,shiv estate agency,,,1,5.0
mumbai,Andheri East,Clean Property Solutions,clean property solutions,,,1,5.0
mumbai,Andheri East,S K Estate Agency,s k estate agency,,,1,5.0
mumbai,Andheri East,Shripad Rege Real Estate Consultant,shripad rege real estate consultant,,,1,5.0
mumbai,Andheri East,Om Swastik Estate,om swastik estate,,,1,5.0
mumbai,Andheri East,Agarwal Properties,agarwal properties,,,1,5.0
mumbai,Andheri East,Saksham Properties Solutions,saksham properties solutions,,,1,5.0
mumbai,Andheri East,MBA Properties,mba properties,,,1,5.0
mumbai,Andheri East,Asmita Estate Agency,asmita estate agency,,,1,5.0
mumbai,Andheri East,Real Property Consultant,real property consultant,,,1,5.0
mumbai,Andheri East,The Jangid Brothers,the jangid brothers,,,1,5.0
mumbai,Andheri East,Propknight Real Estate &Amp; Investment Solutions,propknight real estate &amp; investment solutions,,,1,5.0
mumbai,Andheri East,Deal One Consultancy,deal one consultancy,,,1,5.0
mumbai,Andheri East,Godspeed Realties,godspeed realties,,,1,5.0
mumbai,Andheri East,Mahalaxmi Property Dealers,mahalaxmi property dealers,,,1,5.0
mumbai,Andheri East,Flats & Offices,flats & offices,,,1,5.0
mumbai,Andheri East,Nitin Property Consultant,nitin property consultant,,,1,5.0
mumbai,Andheri East,Ishwar Properties,ishwar properties,,,1,5.0
mumbai,Mulund,Runwal Enterprises,runwal enterprises,,,1,5.0
mumbai,Mulund,Prestige Group,prestige group,,,1,5.0
mumbai,Mulund,Atul Projects,atul projects,,,1,5.0
mumbai,Mulund,Mehul Bheda,mehul bheda,,,1,5.0
mumbai,Mulund,Lifescape Realty Pvt. Ltd.,lifescape realty pvt. ltd.,,,1,5.0
mumbai,Mulund,Alveera Homes,alveera homes,,,1,5.0
mumbai,Mulund,Bhanushali Estate Agency,bhanushali estate agency,,,1,5.0
mumbai,Mulund,Property Lifestyle,property lifestyle,,,1,5.0
mumbai,Mulund,Sohum Estate Agency,sohum estate agency,,,1,5.0
mumbai,Mulund,A.T.S Consultancy,a.t.s consultancy,,,1,5.0
mumbai,Mulund,GoldBrick Property,goldbrick property,,,1,5.0
mumbai,Mulund,Navkar Estates,navkar estates,,,1,5.0
mumbai,Mulund,One Roof Realty LLP,one roof realty llp,,,1,5.0
mumbai,Mulund,Sai Shraddha Estate Agency,sai shraddha estate agency,,,1,5.0
mumbai,Mulund,Lucky Homes Real Estate,lucky homes real estate,,,1,5.0
mumbai,Mulund,Spectraa Real Estate Advisory,spectraa real estate advisory,,,1,5.0
mumbai,Mulund,Ghar Apna,ghar apna,,,1,5.0
mumbai,Mulund,Royal Roof Real Estate Consultants,royal roof real estate consultants,,,1,5.0
mumbai,Mulund,S R K Properties,s r k properties,,,1,5.0
mumbai,Mulund,VKM Property Consultants,vkm property consultants,,,1,5.0
mumbai,Mulund,Shree Siddhvinayak Estate Agency,shree siddhvinayak estate agency,,,1,5.0
mumbai,Mulund,Shri Krishna Real Estate,shri krishna real estate,,,1,5.0
mumbai,Mulund,Thakker Housing Corporation,thakker housing corporation,,,1,5.0
mumbai,Mulund,Shanti Estate Agency,shanti estate agency,,,1,5.0
mumbai,Mulund,Siddhi,siddhi,,,1,5.0
mumbai,Mulund,Shrenik,shrenik,,,1,5.0
mumbai,Mulund,Property Pistol Realty Pvt. Ltd.,property pistol realty pvt. ltd.,,,1,5.0
mumbai,Mulund,Manasvi Properties,manasvi properties,,,1,5.0
mumbai,Mulund,Sai Sprash Real Estate Agency,sai sprash real estate agency,,,1,5.0
mumbai,Mulund,Shyam Balani & Company,shyam balani & company,,,1,5.0
mumbai,Mulund,Realogic Advisory Services,realogic advisory services,,,1,5.0
mumbai,Mulund,Sharon Co Realty,sharon co realty,,,1,5.0
mumbai,Mulund,Prem Estate Agency,prem estate agency,,,1,5.0
mumbai,Mulund,Vastu Tathastu Property Consultant,vastu tathastu property consultant,,,1,5.0
mumbai,Mulund,Perks Links And Services Private Limited,perks links and services private limited,,,1,5.0
mumbai,Borivali,Kalpataru Limited,kalpataru limited,,,1,5.0
mumbai,Borivali,Trinity Housing,trinity housing,,,1,5.0
mumbai,Borivali,IC Real Estate,ic real estate,,,1,5.0
mumbai,Borivali,Chaitanya Enterprises,chaitanya enterprises,,,1,5.0
mumbai,Borivali,Jatin,jatin,,,1,5.0
mumbai,Borivali,My Home Property Consultants,my home property consultants,,,1,5.0
mumbai,Borivali,Chetan,chetan,,,1,5.0
mumbai,Borivali,Radhakrishna Realty,radhakrishna realty,,,1,5.0
mumbai,Borivali,Somjai Realtors,somjai realtors,,,1,5.0
mumbai,Borivali,LAER Realty,laer realty,,,1,5.0
mumbai,Borivali,IC Estate Consultancy,ic estate consultancy,,,1,5.0
mumbai,Borivali,Arihant Associates,arihant associates,,,1,5.0
mumbai,Borivali,Avon Housing,avon housing,,,1,5.0
mumbai,Borivali,Ranjit Kumar,ranjit kumar,,,1,5.0
mumbai,Borivali,Ruvin Dsouza,ruvin dsouza,,,1,5.0
mumbai,Borivali,Metro Properties,metro properties,,,1,5.0
mumbai,Borivali,Kaash Capital,kaash capital,,,1,5.0
mumbai,Borivali,Infinity Realtors,infinity realtors,,,1,5.0
mumbai,Borivali,Brij Realty,brij realty,,,1,5.0
mumbai,Borivali,Triniti Realty,triniti realty,,,1,5.0
mumbai,Borivali,Shriji Realtors,shriji realtors,,,1,5.0
mumbai,Borivali,Straight Forward Estate Consultant,straight forward estate consultant,,,1,5.0
mumbai,Borivali,Jinay Estate Consultancy,jinay estate consultancy,,,1,5.0
mumbai,Borivali,Shri Satnarayan Real Estate Consultancy,shri satnarayan real estate consultancy,,,1,5.0
mumbai,Borivali,Vinay Tiwari,vinay tiwari,,,1,5.0
mumbai,Borivali,BelleVie Rental And Resale,bellevie rental and resale,,,1,5.0
mumbai,Borivali,Real Estate Agents,real estate agents,,,1,5.0
mumbai,Borivali,Asset Zone,asset zone,,,1,5.0
mumbai,Borivali,Aditya Properties,aditya properties,,,1,5.0
mumbai,Borivali,Bhageerati Real Estate,bhageerati real estate,,,1,5.0
mumbai,Borivali,Prime Properties,prime properties,,,1,5.0
mumbai,Borivali,Space Realty Plus,space realty plus,,,1,5.0
mumbai,Borivali,MG Realtors,mg realtors,,,1,5.0
mumbai,Borivali,Rupiyaa Realty,rupiyaa realty,,,1,5.0
mumbai,Borivali,My Home Estate Agency,my home estate agency,,,1,5.0
mumbai,Borivali,Blue Sapphire,blue sapphire,,,1,5.0
mumbai,Borivali,Sharmaji,sharmaji,,,1,5.0
mumbai,Borivali,Earnest Property,earnest property,,,1,5.0
mumbai,Borivali,Raj Realty,raj realty,,,1,5.0
mumbai,Borivali,Sainath Estate,sainath estate,,,1,5.0
mumbai,Borivali,S K Realtors,s k realtors,,,1,5.0
mumbai,Borivali,Sahil Consultancy Real Estate,sahil consultancy real estate,,,1,5.0
mumbai,Borivali,Raju Achpilia,raju achpilia,,,1,5.0
mumbai,Borivali,Perks Links And Services Private Limited,perks links and services private limited,,,1,5.0
mumbai,Borivali,Prakash,prakash,,,1,5.0
mumbai,Borivali,Uniq Consultancy,uniq consultancy,,,1,5.0
mumbai,Borivali,Sairaj Real Estate,sairaj real estate,,,1,5.0
mumbai,Borivali,Priya Real Estate Consultant,priya real estate consultant,,,1,5.0
mumbai,Borivali,Homeland Consultants,homeland consultants,,,1,5.0
mumbai,Borivali,Clean Property Solutions,clean property solutions,,,1,5.0
mumbai,Borivali,Deepak Jha,deepak jha,,,1,5.0
mumbai,Borivali,Link Square,link square,,,1,5.0
mumbai,Borivali,Golden Sapphire,golden sapphire,,,1,5.0
mumbai,Borivali,Bhutta Estate Agency,bhutta estate agency,,,1,5.0
mumbai,Borivali,Mehta Estate Agent,mehta estate agent,,,1,5.0
mumbai,Borivali,Aarav Realty,aarav realty,,,1,5.0
mumbai,Borivali,Laxmi Properties,laxmi properties,,,1,5.0
mumbai,Borivali,Marvelous Propety & Services Pvt Ltd.,marvelous propety & services pvt ltd.,,,1,5.0
mumbai,Borivali,Zerobro,zerobro,,,1,5.0
mumbai,Borivali,Nirvana Homes,nirvana homes,,,1,5.0
mumbai,Borivali,Charmy Consultancy,charmy consultancy,,,1,5.0
mumbai,Borivali,Changod Estate Bhavesh Barot Barot,changod estate bhavesh barot barot,,,1,5.0
mumbai,Borivali,Pavan Properties,pavan properties,,,1,5.0
mumbai,Borivali,Patel Finance,patel finance,,,1,5.0
mumbai,Borivali,Prashant Agarwal,prashant agarwal,,,1,5.0
mumbai,Kandivali,Om Swastik Estate,om swastik estate,,,1,5.0
mumbai,Kandivali,Rudra Properties,rudra properties,,,1,5.0
mumbai,Kandivali,Realty Spaces,realty spaces,,,1,5.0
mumbai,Kandivali,Ashwin Sheth Group And Emami Group,ashwin sheth group and emami group,,,1,5.0
mumbai,Kandivali,Satellite Developers Pvt. Ltd,satellite developers pvt. ltd,,,1,5.0
mumbai,Kandivali,Brij Realty,brij realty,,,1,5.0
mumbai,Kandivali,Shri Niketan Property Dealer,shri niketan property dealer,,,1,5.0
mumbai,Kandivali,Soulful Properties,soulful properties,,,1,5.0
mumbai,Kandivali,Naina Properties,naina properties,,,1,5.0
mumbai,Kandivali,R A Property,r a property,,,1,5.0
mumbai,Kandivali,Metro Properties,metro properties,,,1,5.0
mumbai,Kandivali,My Home Property Consultants,my home property consultants,,,1,5.0
mumbai,Kandivali,LAER Realty,laer realty,,,1,5.0
mumbai,Kandivali,Jatin,jatin,,,1,5.0
mumbai,Kandivali,Right Assets Property,right assets property,,,1,5.0
mumbai,Kandivali,Ranjit Kumar,ranjit kumar,,,1,5.0
mumbai,Kandivali,Mishra Properties,mishra properties,,,1,5.0
mumbai,Kandivali,Jinay Estate Consultancy,jinay estate consultancy,,,1,5.0
mumbai,Kandivali,Shah Realtors,shah realtors,,,1,5.0
mumbai,Kandivali,Blessing Home Realtors,blessing home realtors,,,1,5.0
mumbai,Kandivali,Avon Housing,avon housing,,,1,5.0
mumbai,Kandivali,Ghrihum Real Estate,ghrihum real estate,,,1,5.0
mumbai,Kandivali,Property Rangers,property rangers,,,1,5.0
mumbai,Kandivali,Yogi Real Estate Agents,yogi real estate agents,,,1,5.0
mumbai,Kandivali,A & Z Realtors,a & z realtors,,,1,5.0
mumbai,Kandivali,Blue Sapphire,blue sapphire,,,1,5.0
mumbai,Kandivali,Gayatri Real Estate Advisory,gayatri real estate advisory,,,1,5.0
mumbai,Kandivali,Asset Zone,asset zone,,,1,5.0
mumbai,Kandivali,City Properties,city properties,,,1,5.0
mumbai,Kandivali,Ronak Estate Consultant,ronak estate consultant,,,1,5.0
mumbai,Kandivali,Arihant Real Estate,arihant real estate,,,1,5.0
mumbai,Kandivali,Trimurti Properties,trimurti properties,,,1,5.0
mumbai,Kandivali,Shubh Laxmi Real Estate Consultant,shubh laxmi real estate consultant,,,1,5.0
mumbai,Goregaon,Sunteck Realty Ltd.,sunteck realty ltd.,,,1,5.0
mumbai,Goregaon,Avant Group,avant group,,,1,5.0
mumbai,Goregaon,Hitesh Estate Consultancy,hitesh estate consultancy,,,1,5.0
mumbai,Goregaon,Sadguru Estate Consultants,sadguru estate consultants,,,1,5.0
mumbai,Goregaon,Aangan Property Consultant,aangan property consultant,,,1,5.0
mumbai,Goregaon,Shubham Properties,shubham properties,,,1,5.0
mumbai,Goregaon,Diya Realtors,diya realtors,,,1,5.0
mumbai,Goregaon,Vibrant Group,vibrant group,,,1,5.0
mumbai,Goregaon,Swastik Properties,swastik properties,,,1,5.0
mumbai,Goregaon,Soulful Properties,soulful properties,,,1,5.0
mumbai,Goregaon,Sales Team,sales team,,,1,5.0
mumbai,Goregaon,Choice Homes,choice homes,,,1,5.0
mumbai,Goregaon,Kaash Capital,kaash capital,,,1,5.0
mumbai,Goregaon,Sigma Consultancy,sigma consultancy,,,1,5.0
mumbai,Goregaon,Riddhi Housing,riddhi housing,,,1,5.0
mumbai,Goregaon,Fortune Realty,fortune realty,,,1,5.0
mumbai,Goregaon,Fair Deal Estate Consultancy,fair deal estate consultancy,,,1,5.0
mumbai,Goregaon,SOM Realtors,som realtors,,,1,5.0
mumbai,Goregaon,Bhageerati Real Estate,bhageerati real estate,,,1,5.0
mumbai,Goregaon,Pujari Realty,pujari realty,,,1,5.0
mumbai,Goregaon,Rupiyaa Realty,rupiyaa realty,,,1,5.0
mumbai,Goregaon,Genuine Brothers,genuine brothers,,,1,5.0
mumbai,Goregaon,BMG Properties,bmg properties,,,1,5.0
mumbai,Goregaon,Parasrampuria Estate Agency,parasrampuria estate agency,,,1,5.0
mumbai,Goregaon,Vantage Properties,vantage properties,,,1,5.0
mumbai,Goregaon,SALASAR REALTORS,salasar realtors,,,1,5.0
mumbai,Goregaon,Sankalp Siddhi Properties,sankalp siddhi properties,,,1,5.0
mumbai,Goregaon,Vintage Property Consultancy,vintage property consultancy,,,1,5.0
mumbai,Goregaon,Brahma Realtors,brahma realtors,,,1,5.0
mumbai,Goregaon,Vishwakarma Enterprises,vishwakarma enterprises,,,1,5.0
mumbai,Goregaon,J B Realty,j b realty,,,1,5.0
mumbai,Goregaon,Homesphere Realtors,homesphere realtors,,,1,5.0
mumbai,Goregaon,BelleVie Rental And Resale,bellevie rental and resale,,,1,5.0
mumbai,Goregaon,Deepak Sharma,deepak sharma,,,1,5.0
mumbai,Goregaon,Bhavya Bhairav Real Estate,bhavya bhairav real estate,,,1,5.0
mumbai,Goregaon,Four Walls Real Estate Consultant,four walls real estate consultant,,,1,5.0
mumbai,Goregaon,Uniq Consultancy,uniq consultancy,,,1,5.0
mumbai,Goregaon,Realty Adwise,realty adwise,,,1,5.0
mumbai,Goregaon,Vikram Java,vikram java,,,1,5.0
mumbai,Goregaon,S K Realty,s k realty,,,1,5.0
mumbai,Goregaon,R L Realty,r l realty,,,1,5.0
mumbai,Goregaon,SK Property,sk property,,,1,5.0
mumbai,Goregaon,LAER Realty,laer realty,,,1,5.0
mumbai,Goregaon,Kenia Estate,kenia estate,,,1,5.0
mumbai,Goregaon,House Hunt Residential & Commercial,house hunt residential & commercial,,,1,5.0
mumbai,Goregaon,Asset Zone,asset zone,,,1,5.0
mumbai,Goregaon,Urbankeys Reality,urbankeys reality,,,1,5.0
mumbai,Goregaon,Mas Realty,mas realty,,,1,5.0
mumbai,Goregaon,Flats & Offices,flats & offices,,,1,5.0
mumbai,Goregaon,Popular Enterprises,popular enterprises,,,1,5.0
mumbai,Goregaon,Clean Property Solutions,clean property solutions,,,1,5.0
mumbai,Goregaon,SANJAY SETHI,sanjay sethi,,,1,5.0
mumbai,Goregaon,Pooja Estate,pooja estate,,,1,5.0
mumbai,Goregaon,Harwani Estate Consultants,harwani estate consultants,,,1,5.0
mumbai,Goregaon,Homes 4 All,homes 4 all,,,1,5.0
mumbai,Goregaon,Zerobro,zerobro,,,1,5.0
mumbai,Goregaon,Sindhi Estate Consultants,sindhi estate consultants,,,1,5.0
mumbai,Goregaon,Godfrey Gracias,godfrey gracias,,,1,5.0
mumbai,Goregaon,Thakur Real Estate Agency,thakur real estate agency,,,1,5.0
mumbai,Goregaon,Eiffel Realty,eiffel realty,,,1,5.0
mumbai,Goregaon,Sameer Singh,sameer singh,,,1,5.0
mumbai,Goregaon,New Haus Consultants,new haus consultants,,,1,5.0
mumbai,Goregaon,Raj Realty,raj realty,,,1,5.0
mumbai,Malad,Fair Deal Estate Consultancy,fair deal estate consultancy,,,1,5.0
mumbai,Malad,Vikram Lulla,vikram lulla,,,1,5.0
mumbai,Malad,Ruparel Realty,ruparel realty,,,1,5.0
mumbai,Malad,Mahindra Lifespace Developers Ltd.,mahindra lifespace developers ltd.,,,1,5.0
mumbai,Malad,Om Sai Properties,om sai properties,,,1,5.0
mumbai,Malad,Naina Properties,naina properties,,,1,5.0
mumbai,Malad,Lucky Real Estate,lucky real estate,,,1,5.0
mumbai,Malad,Choice Homes,choice homes,,,1,5.0
mumbai,Malad,BelleVie Rental And Resale,bellevie rental and resale,,,1,5.0
mumbai,Malad,Kamalnath Achari Kamalnathachary,kamalnath achari kamalnathachary,,,1,5.0
mumbai,Malad,Galaxy Estate Consultancy,galaxy estate consultancy,,,1,5.0
mumbai,Malad,Yellow Spaces,yellow spaces,,,1,5.0
mumbai,Malad,Avon Housing,avon housing,,,1,5.0
mumbai,Malad,Sankalp Siddhi Properties,sankalp siddhi properties,,,1,5.0
mumbai,Malad,Bhageerati Real Estate,bhageerati real estate,,,1,5.0
mumbai,Malad,Ghrihum Real Estate,ghrihum real estate,,,1,5.0
mumbai,Malad,Arihant Associates,arihant associates,,,1,5.0
mumbai,Malad,Siddhivinayak Realty,siddhivinayak realty,,,1,5.0
mumbai,Malad,R D Brothers,r d brothers,,,1,5.0
mumbai,Malad,Riddhi Housing,riddhi housing,,,1,5.0
mumbai,Malad,Property Fete Services Pvt. Ltd.,property fete services pvt. ltd.,,,1,5.0
mumbai,Malad,Adrian Dsouza Estate,adrian dsouza estate,,,1,5.0
mumbai,Malad,Dream Spaces,dream spaces,,,1,5.0
mumbai,Malad,Agrawal Property Consultant,agrawal property consultant,,,1,5.0
mumbai,Malad,A & Z Realtors,a & z realtors,,,1,5.0
mumbai,Malad,Amol Real Estate,amol real estate,,,1,5.0
mumbai,Malad,City Properties,city properties,,,1,5.0
mumbai,Malad,Pujari Realty,pujari realty,,,1,5.0
mumbai,Malad,Brahma Realtors,brahma realtors,,,1,5.0
mumbai,Malad,Krshna Associate,krshna associate,,,1,5.0
mumbai,Malad,Supertrust Homes Pvt Ltd,supertrust homes pvt ltd,,,1,5.0
mumbai,Malad,Homesphere Realtors,homesphere realtors,,,1,5.0
mumbai,Malad,Disha Properties,disha properties,,,1,5.0
mumbai,Malad,Jinay Estate Consultancy,jinay estate consultancy,,,1,5.0
mumbai,Malad,Blessing Home Realtors,blessing home realtors,,,1,5.0
mumbai,Malad,Sura Estate LLP,sura estate llp,,,1,5.0
mumbai,Malad,Vikram Java,vikram java,,,1,5.0
mumbai,Malad,RAAS Realtors,raas realtors,,,1,5.0
mumbai,Bandra,Galaxy Realtors,galaxy realtors,,,1,5.0
mumbai,Bandra,Property Shark,property shark,,,1,5.0
mumbai,Bandra,Dream Spaces,dream spaces,,,1,5.0
mumbai,Bandra,Plexus Realtors,plexus realtors,,,1,5.0
mumbai,Bandra,Raymond Realty,raymond realty,,,1,5.0
mumbai,Bandra,Clean Property Solutions,clean property solutions,,,1,5.0
mumbai,Bandra,Realogic Advisory Services,realogic advisory services,,,1,5.0
mumbai,Bandra,M S Real Estate,m s real estate,,,1,5.0
mumbai,Bandra,Uniq Consultancy,uniq consultancy,,,1,5.0
mumbai,Bandra,Madsun Realty,madsun realty,,,1,5.0
mumbai,Bandra,Tejasvi Realty Pvt. Ltd.,tejasvi realty pvt. ltd.,,,1,5.0
mumbai,Bandra,Pacific Estates,pacific estates,,,1,5.0
mumbai,Bandra,Accurate Deals,accurate deals,,,1,5.0
mumbai,Bandra,Fortune Realty,fortune realty,,,1,5.0
mumbai,Bandra,Ruchika Shelters,ruchika shelters,,,1,5.0
mumbai,Bandra,M M Realty,m m realty,,,1,5.0
mumbai,Bandra,Realty Adwise,realty adwise,,,1,5.0
mumbai,Bandra,Mumbai Skylines,mumbai skylines,,,1,5.0
mumbai,Bandra,Mamtani Real Estate Agency,mamtani real estate agency,,,1,5.0
mumbai,Bandra,Tohfa Property,tohfa property,,,1,5.0
mumbai,Bandra,Rajani Property Consultants,rajani property consultants,,,1,5.0
mumbai,Bandra,Navigators Realty,navigators realty,,,1,5.0
mumbai,Bandra,Global Real Estate Consultant,global real estate consultant,,,1,5.0
mumbai,Bandra,Xclusive Properties,xclusive properties,,,1,5.0
mumbai,Bandra,Done Deal,done deal,,,1,5.0
mumbai,Bandra,Skyward Realty,skyward realty,,,1,5.0
mumbai,Bandra,House Hunt Residential & Commercial,house hunt residential & commercial,,,1,5.0
mumbai,Bandra,Sameer,sameer,,,1,5.0
mumbai,Bandra,My Space Realty,my space realty,,,1,5.0
mumbai,Bandra,Silver Key Marketing Services LLP,silver key marketing services llp,,,1,5.0
mumbai,Bandra,Adona Homes,adona homes,,,1,5.0
mumbai,Bandra,Rent Key,rent key,,,1,5.0
mumbai,Bandra,LAER Realty,laer realty,,,1,5.0
mumbai,Bandra,Aureus Property Advisors,aureus property advisors,,,1,5.0
mumbai,Bandra,Krshna Associate,krshna associate,,,1,5.0
mumbai,Bandra,Bombay Housing Realty Consultant,bombay housing realty consultant,,,1,5.0
mumbai,Bandra,Aangan Property Consultant,aangan property consultant,,,1,5.0
mumbai,Bandra,Lotus Realtors,lotus realtors,,,1,5.0
mumbai,Bandra,Tulip Realty,tulip realty,,,1,5.0
mumbai,Bandra,Sun Realty India,sun realty india,,,1,5.0
mumbai,Bandra,Crest Property Solutions LLP.,crest property solutions llp.,,,1,5.0
mumbai,Bandra,D P Realtors,d p realtors,,,1,5.0
mumbai,Bandra,Siddhivinayak Realty,siddhivinayak realty,,,1,5.0
mumbai,Bandra,Brokio Realty,brokio realty,,,1,5.0
mumbai,Bandra,Bhavnani Real Estate,bhavnani real estate,,,1,5.0
mumbai,Bandra,Infinite Real Estate Consultants,infinite real estate consultants,,,1,5.0
mumbai,Bandra,Kasaa Space Realty,kasaa space realty,,,1,5.0
mumbai,Bandra,Rohit,rohit,,,1,5.0
mumbai,Bandra,Silvernest Rema,silvernest rema,,,1,5.0
mumbai,Bandra,Barudgar Property,barudgar property,,,1,5.0
mumbai,Bandra,MNRE,mnre,,,1,5.0
mumbai,Bandra,Jayashree Realtors,jayashree realtors,,,1,5.0
mumbai,Bandra,Gyan Singh,gyan singh,,,1,5.0
mumbai,Bandra,Fantasy Homes,fantasy homes,,,1,5.0
mumbai,Bandra,Mas Realty,mas realty,,,1,5.0
mumbai,Bandra,Empire World,empire world,,,1,5.0
mumbai,Bandra,Sagar Shah,sagar shah,,,1,5.0
mumbai,Bandra,Vijay Jain,vijay jain,,,1,5.0
mumbai,Bandra,Highrise Estates,highrise estates,,,1,5.0
mumbai,Bandra,A. J Housing,a. j housing,,,1,5.0
mumbai,Bandra,Be Realty,be realty,,,1,5.0
mumbai,Bandra,Deal One Consultancy,deal one consultancy,,,1,5.0
mumbai,Bandra,Sindhi Estate Consultants,sindhi estate consultants,,,1,5.0
mumbai,Bandra,Sanjivv Kumarr Beri,sanjivv kumarr beri,,,1,5.0
mumbai,Bandra,Resicom Capital Advisors,resicom capital advisors,,,1,5.0
mumbai,Bandra,Nabi Shaikh,nabi shaikh,,,1,5.0
mumbai,Bandra,The Address Realtors,the address realtors,,,1,5.0
mumbai,Bandra,Sushant Property India,sushant property india,,,1,5.0
mumbai,Bandra,Value Estates,value estates,,,1,5.0
mumbai,Bandra,Raj Realty,raj realty,,,1,5.0
mumbai,Bandra,Royal Properties,royal properties,,,1,5.0
mumbai,Bandra,Navodayan Proptech Pvt Ltd (XpertARC),navodayan proptech pvt ltd (xpertarc),,,1,5.0
mumbai,Bandra,MG Realtors,mg realtors,,,1,5.0
mumbai,Bandra,Property Essential,property essential,,,1,5.0
mumbai,Bandra,Dubai Real Estate House 53,dubai real estate house 53,,,1,5.0
mumbai,Bandra,Metathrive Realty,metathrive realty,,,1,5.0
mumbai,Bandra,Blossom Realty,blossom realty,,,1,5.0
mumbai,Bandra,Yes Property,yes property,,,1,5.0
mumbai,Bandra,Pavan Properties,pavan properties,,,1,5.0
mumbai,Bandra,Adrian Dsouza Estate,adrian dsouza estate,,,1,5.0
mumbai,Bandra,Aarambh Properties,aarambh properties,,,1,5.0
mumbai,Bandra,Kailash Sawant,kailash sawant,,,1,5.0
mumbai,Bandra,Sarwar Alam,sarwar alam,,,1,5.0
mumbai,Bandra,Shivaji Kalekar,shivaji kalekar,,,1,5.0
mumbai,Worli,Durga Realtors,durga realtors,,,1,5.0
mumbai,Worli,Juhi Associates,juhi associates,,,1,5.0
mumbai,Worli,Cordeiro Real Estate,cordeiro real estate,,,1,5.0
mumbai,Worli,Extra Realty,extra realty,,,1,5.0
mumbai,Worli,Clean Property Solutions,clean property solutions,,,1,5.0
mumbai,Worli,Jayson Real Estate,jayson real estate,,,1,5.0
mumbai,Worli,Amit Dubey,amit dubey,,,1,5.0
mumbai,Worli,Mumbai Realty,mumbai realty,,,1,5.0
mumbai,Worli,JAYARAM MOGAVEERA Mogaveera,jayaram mogaveera mogaveera,,,1,5.0
mumbai,Worli,Living Ideas,living ideas,,,1,5.0
mumbai,Worli,Accurate Deals,accurate deals,,,1,5.0
mumbai,Worli,Mumbai Skylines,mumbai skylines,,,1,5.0
mumbai,Worli,Excel Realty,excel realty,,,1,5.0
mumbai,Worli,BRC Realty,brc realty,,,1,5.0
mumbai,Worli,Aarti Realtors,aarti realtors,,,1,5.0
mumbai,Worli,Sobo Properties And Services,sobo properties and services,,,1,5.0
mumbai,Worli,Shah Group,shah group,,,1,5.0
mumbai,Worli,Ruchika Shelters,ruchika shelters,,,1,5.0
mumbai,Worli,Pratiksha Gaikwad Real Estate Agent,pratiksha gaikwad real estate agent,,,1,5.0
mumbai,Worli,New Haus Estates Pvt. Ltd.,new haus estates pvt. ltd.,,,1,5.0
mumbai,Worli,Jai Ambe Real Estate Consultants,jai ambe real estate consultants,,,1,5.0
mumbai,Worli,Tohfa Property,tohfa property,,,1,5.0
mumbai,Worli,Rajani Property Consultants,rajani property consultants,,,1,5.0
mumbai,Worli,DHM Estates,dhm estates,,,1,5.0
mumbai,Worli,Olive Address,olive address,,,1,5.0
mumbai,Worli,Alif Estate Consultants,alif estate consultants,,,1,5.0
mumbai,Worli,Real Assets Advisors,real assets advisors,,,1,5.0
mumbai,Worli,Pravin Vaishnav Realtors,pravin vaishnav realtors,,,1,5.0
mumbai,Worli,Future Enterprises,future enterprises,,,1,5.0
mumbai,Worli,Dream Properties,dream properties,,,1,5.0
mumbai,Worli,Vijay More,vijay more,,,1,5.0
mumbai,Worli,Sai Sidhi Realty,sai sidhi realty,,,1,5.0
mumbai,Worli,My Space Realty,my space realty,,,1,5.0
mumbai,Worli,Vikram Khude,vikram khude,,,1,5.0
mumbai,Worli,Om Realty,om realty,,,1,5.0
mumbai,Worli,Vijay Jain,vijay jain,,,1,5.0
mumbai,Worli,Husain S,husain s,,,1,5.0
mumbai,Worli,Adona Realty,adona realty,,,1,5.0
mumbai,Worli,Silver Key Marketing Services LLP,silver key marketing services llp,,,1,5.0
mumbai,Worli,Super Porperties,super porperties,,,1,5.0
mumbai,Worli,Raj Mishra,raj mishra,,,1,5.0
mumbai,Worli,Sameer,sameer,,,1,5.0
mumbai,Worli,Neelam Consultant,neelam consultant,,,1,5.0
mumbai,Worli,Sun Realty India,sun realty india,,,1,5.0
mumbai,Worli,Krshna Associate,krshna associate,,,1,5.0
mumbai,Worli,Lifestyle Property Consultants,lifestyle property consultants,,,1,5.0
mumbai,Worli,Siddhivinayak Realty,siddhivinayak realty,,,1,5.0
mumbai,Worli,Anushka Realtors,anushka realtors,,,1,5.0
mumbai,Worli,Book Of Properties,book of properties,,,1,5.0
mumbai,Worli,Property Expert,property expert,,,1,5.0
mumbai,Worli,Homes 4 All,homes 4 all,,,1,5.0
mumbai,Worli,Manan Realtec Pvt. Ltd.,manan realtec pvt. ltd.,,,1,5.0
mumbai,Worli,Property Pro,property pro,,,1,5.0
mumbai,Worli,Jassi Grover,jassi grover,,,1,5.0
mumbai,Worli,Deepak Jha,deepak jha,,,1,5.0
mumbai,Worli,Balaji Real Estate,balaji real estate,,,1,5.0
mumbai,Worli,Om Sai Real Estate,om sai real estate,,,1,5.0
mumbai,Worli,Shashank Realties,shashank realties,,,1,5.0
mumbai,Worli,Highrise Estates,highrise estates,,,1,5.0
mumbai,Worli,Ghag Realty,ghag realty,,,1,5.0
mumbai,Worli,A. J Housing,a. j housing,,,1,5.0
mumbai,Worli,Blue Earth Property,blue earth property,,,1,5.0
mumbai,Worli,Ajmera Properties,ajmera properties,,,1,5.0
mumbai,Worli,Chhabria Housing LLP,chhabria housing llp,,,1,5.0
mumbai,Worli,Sagar Shah,sagar shah,,,1,5.0
mumbai,Worli,Yes Property,yes property,,,1,5.0
mumbai,Worli,Resicom Capital Advisors,resicom capital advisors,,,1,5.0
mumbai,Worli,Kumar Housing,kumar housing,,,1,5.0
mumbai,Worli,Mumbai Realtors,mumbai realtors,,,1,5.0
mumbai,Worli,Pawan Dubey,pawan dubey,,,1,5.0
mumbai,Chembur,Persqrfoot Realty,persqrfoot realty,,,1,5.0
mumbai,Chembur,Srushtiraj Enterprises,srushtiraj enterprises,,,1,5.0
mumbai,Chembur,Meraki Habitats LLP,meraki habitats llp,,,1,5.0
mumbai,Chembur,R. K. Realtors,r. k. realtors,,,1,5.0
mumbai,Chembur,Asset Aspire,asset aspire,,,1,5.0
mumbai,Chembur,Nestwise Realtors,nestwise realtors,,,1,5.0
mumbai,Chembur,Soaring Real Fin Tech Pvt Ltd,soaring real fin tech pvt ltd,,,1,5.0
mumbai,Chembur,Esspee Wintrade Consultants Pvt. Ltd.,esspee wintrade consultants pvt. ltd.,,,1,5.0
mumbai,Chembur,Vijay More,vijay more,,,1,5.0
mumbai,Chembur,Dosti Homes Estate Consultants,dosti homes estate consultants,,,1,5.0
mumbai,Chembur,House Hunt Residential & Commercial,house hunt residential & commercial,,,1,5.0
mumbai,Chembur,Gem Homes Advisory And Realtors,gem homes advisory and realtors,,,1,5.0
mumbai,Chembur,Property Fete Services Pvt. Ltd.,property fete services pvt. ltd.,,,1,5.0
mumbai,Chembur,Bhavnani Real Estate,bhavnani real estate,,,1,5.0
mumbai,Chembur,Book Of Properties,book of properties,,,1,5.0
mumbai,Chembur,Rent Key,rent key,,,1,5.0
mumbai,Chembur,Landmark Estates,landmark estates,,,1,5.0
mumbai,Chembur,Jawala Homes Pvt. Ltd.,jawala homes pvt. ltd.,,,1,5.0
mumbai,Chembur,Rajesh Real Estate Agency,rajesh real estate agency,,,1,5.0
mumbai,Chembur,Pankaj Dembla,pankaj dembla,,,1,5.0
mumbai,Chembur,Max Realtors,max realtors,,,1,5.0
mumbai,Chembur,Aarav Properties,aarav properties,,,1,5.0
mumbai,Chembur,EK OM Real Estate & Property Consultants,ek om real estate & property consultants,,,1,5.0
mumbai,Chembur,Jassi Grover,jassi grover,,,1,5.0
mumbai,Chembur,Nabi Shaikh,nabi shaikh,,,1,5.0
mumbai,Chembur,JMD Consultants,jmd consultants,,,1,5.0
mumbai,Chembur,Suntosh,suntosh,,,1,5.0
mumbai,Chembur,Vision Earth Realtors,vision earth realtors,,,1,5.0
mumbai,Chembur,Chhabria Housing LLP,chhabria housing llp,,,1,5.0
mumbai,Chembur,Right House Properties,right house properties,,,1,5.0
mumbai,Chembur,Pintu Gupta,pintu gupta,,,1,5.0
mumbai,Chembur,Property Expert,property expert,,,1,5.0
mumbai,Chembur,Kritika Real Estate Agency,kritika real estate agency,,,1,5.0
mumbai,Chembur,Thakur Real Estate Agency,thakur real estate agency,,,1,5.0
mumbai,Chembur,Property Lifestyle,property lifestyle,,,1,5.0
mumbai,Chembur,Arvind Thakur,arvind thakur,,,1,5.0
mumbai,Chembur,Kasaa Space Realty,kasaa space realty,,,1,5.0
mumbai,Chembur,Jai Ambe Real Estate Consultants,jai ambe real estate consultants,,,1,5.0
mumbai,Chembur,Done Deal,done deal,,,1,5.0
mumbai,Chembur,My Propertty Managerr,my propertty managerr,,,1,5.0
bangalore,Koramangala,Property Point,property point,,,2,10.0
bangalore,Hebbal,Max Serv,max serv,,,2,10.0
bangalore,Whitefield,Manjesh C,manjesh c,,,1,5.0
bangalore,Whitefield,Sreenath,sreenath,,,1,5.0
bangalore,Whitefield,Sarvamangala Realtors,sarvamangala realtors,,,1,5.0
bangalore,Whitefield,United Developers,united developers,,,1,5.0
bangalore,Whitefield,Farooq,farooq,,,1,5.0
bangalore,Whitefield,Agarwal Estates,agarwal estates,,,1,5.0
bangalore,Whitefield,Ramky Estates,ramky estates,,,1,5.0
bangalore,Whitefield,STSK BUILDERS AND DEVELOPERS,stsk builders and developers,,,1,5.0
bangalore,Whitefield,Amrutha Shelters Pvt. Ltd.,amrutha shelters pvt. ltd.,,,1,5.0
bangalore,Whitefield,Prestige Group,prestige group,,,1,5.0
bangalore,Whitefield,RRL BUILDERS AND DEVELOPERS PVT LTD,rrl builders and developers pvt ltd,,,1,5.0
bangalore,Whitefield,Dishahabitat Projects LLP,dishahabitat projects llp,,,1,5.0
bangalore,Whitefield,Amrutha Rama Constructions Pvt. Ltd.,amrutha rama constructions pvt. ltd.,,,1,5.0
bangalore,Whitefield,Ivy Homes,ivy homes,,,1,5.0
bangalore,Whitefield,Motilal,motilal,,,1,5.0
bangalore,Whitefield,Home Locator,home locator,,,1,5.0
bangalore,Whitefield,Onyx Spaces,onyx spaces,,,1,5.0
bangalore,Whitefield,Sanjeet,sanjeet,,,1,5.0
bangalore,Whitefield,Iconicspace Services Pvt Ltd,iconicspace services pvt ltd,,,1,5.0
bangalore,Electronic City,Goyal & Co And Hariyana Group,goyal & co and hariyana group,,,1,5.0
bangalore,Electronic City,Habulus Builders And Developers Private Limited,habulus builders and developers private limited,,,1,5.0
bangalore,Electronic City,Shree Garuda Builders,shree garuda builders,,,1,5.0
bangalore,Electronic City,Keya Homes,keya homes,,,1,5.0
bangalore,Electronic City,Casagrand Builder Pvt. Ltd.,casagrand builder pvt. ltd.,,,1,5.0
bangalore,Electronic City,Ivy Homes,ivy homes,,,1,5.0
bangalore,Electronic City,GLOBAL EDIFICE INFRA,global edifice infra,,,1,5.0
bangalore,Electronic City,J K Advisor,j k advisor,,,1,5.0
bangalore,Electronic City,NIKHIL,nikhil,,,1,5.0
bangalore,Electronic City,Arvind Vijay,arvind vijay,,,1,5.0
bangalore,Electronic City,Jaya Prakash,jaya prakash,,,1,5.0
bangalore,Electronic City,Ocean Estates,ocean estates,,,1,5.0
bangalore,Electronic City,Advik Media And Reality,advik media and reality,,,1,5.0
bangalore,Electronic City,Propnet Services Indian Pvt Ltd,propnet services indian pvt ltd,,,1,5.0
bangalore,Electronic City,Bright Properties,bright properties,,,1,5.0
bangalore,Electronic City,Quick Home,quick home,,,1,5.0
bangalore,Electronic City,Chethan,chethan,,,1,5.0
bangalore,Electronic City,Prop Soul,prop soul,,,1,5.0
bangalore,Electronic City,J K Associates,j k associates,,,1,5.0
bangalore,Electronic City,Prop Shikaar Pvt. Ltd.,prop shikaar pvt. ltd.,,,1,5.0
bangalore,Electronic City,V S Realtors,v s realtors,,,1,5.0
bangalore,Electronic City,Tenanted,tenanted,,,1,5.0
bangalore,Electronic City,Akshaya Wealth Management Pvt Ltd,akshaya wealth management pvt ltd,,,1,5.0
bangalore,Electronic City,G R Reality,g r reality,,,1,5.0
bangalore,Electronic City,Nandana Promoters,nandana promoters,,,1,5.0
bangalore,Electronic City,Ehook Realty,ehook realty,,,1,5.0
bangalore,Electronic City,Junaid,junaid,,,1,5.0
bangalore,Electronic City,Property Simplify LLP,property simplify llp,,,1,5.0
bangalore,Electronic City,Magic Key Homes,magic key homes,,,1,5.0
bangalore,Electronic City,Ultra Realty,ultra realty,,,1,5.0
bangalore,Electronic City,Honey Ventures,honey ventures,,,1,5.0
bangalore,Electronic City,Best Home Reality,best home reality,,,1,5.0
bangalore,Electronic City,SpaceClick Pvt Ltd,spaceclick pvt ltd,,,1,5.0
bangalore,Electronic City,Sanjeet,sanjeet,,,1,5.0
bangalore,Electronic City,SONAM SKDP,sonam skdp,,,1,5.0
bangalore,Electronic City,Ramesh Chagpar Kothari,ramesh chagpar kothari,,,1,5.0
bangalore,Electronic City,Nisaar Ahmed Ahmed,nisaar ahmed ahmed,,,1,5.0
bangalore,Electronic City,Abdul Majeed Nasir,abdul majeed nasir,,,1,5.0
bangalore,Electronic City,Housing Consultancy Service,housing consultancy service,,,1,5.0
bangalore,Electronic City,Crystal Homes,crystal homes,,,1,5.0
bangalore,Electronic City,Roomskart,roomskart,,,1,5.0
bangalore,Electronic City,Mishra Properties,mishra properties,,,1,5.0
bangalore,Electronic City,Housewise.In,housewise.in,,,1,5.0
bangalore,Electronic City,Easy Keys,easy keys,,,1,5.0
bangalore,Electronic City,IMAX Properties,imax properties,,,1,5.0
bangalore,Electronic City,Settlin Zero Brokerage,settlin zero brokerage,,,1,5.0
bangalore,Electronic City,Proptech Solution,proptech solution,,,1,5.0
bangalore,Electronic City,Yes Property,yes property,,,1,5.0
bangalore,Electronic City,AS Properties,as properties,,,1,5.0
bangalore,Electronic City,Jayashree Urbanrise Group,jayashree urbanrise group,,,1,5.0
bangalore,Electronic City,Rasses Square,rasses square,,,1,5.0
bangalore,Electronic City,Infimax Advisors Pvt. Ltd,infimax advisors pvt. ltd,,,1,5.0
bangalore,Electronic City,One Square Meter Realty,one square meter realty,,,1,5.0
bangalore,Electronic City,ENVOTANCY PRIVATE LIMITED,envotancy private limited,,,1,5.0
bangalore,Electronic City,Prayan Group,prayan group,,,1,5.0
bangalore,Electronic City,Hanu Reddy Realty India Pvt. Ltd.,hanu reddy realty india pvt. ltd.,,,1,5.0
bangalore,Electronic City,Maruthi Yukti Homes,maruthi yukti homes,,,1,5.0
bangalore,Electronic City,Manage My Estate,manage my estate,,,1,5.0
bangalore,Electronic City,Sharu Homes,sharu homes,,,1,5.0
bangalore,Electronic City,Ultimax,ultimax,,,1,5.0
bangalore,Electronic City,Team Realty Now,team realty now,,,1,5.0
bangalore,Electronic City,Sweekar Estate Agency,sweekar estate agency,,,1,5.0
bangalore,Electronic City,Thengali Narayana Shetty,thengali narayana shetty,,,1,5.0
bangalore,Electronic City,GatedHomes,gatedhomes,,,1,5.0
bangalore,Electronic City,Nag Nest Properties,nag nest properties,,,1,5.0
bangalore,Marathahalli,Sumadhura Infracon Pvt. Ltd.,sumadhura infracon pvt. ltd.,,,1,5.0
bangalore,Marathahalli,Homekart,homekart,,,1,5.0
bangalore,Marathahalli,Lal Realtors,lal realtors,,,1,5.0
bangalore,Marathahalli,Ravi,ravi,,,1,5.0
bangalore,Marathahalli,No Broker,no broker,,,1,5.0
bangalore,Marathahalli,Ekansh Realty,ekansh realty,,,1,5.0
bangalore,Marathahalli,R V Homes,r v homes,,,1,5.0
bangalore,Marathahalli,G R Reality,g r reality,,,1,5.0
bangalore,Marathahalli,Sri Vinayaka Propmart,sri vinayaka propmart,,,1,5.0
bangalore,Marathahalli,Agarwal Realty And Investment,agarwal realty and investment,,,1,5.0
bangalore,Marathahalli,Chethan,chethan,,,1,5.0
bangalore,Marathahalli,Vignesh Enterprises,vignesh enterprises,,,1,5.0
bangalore,Marathahalli,Propudaan,propudaan,,,1,5.0
bangalore,Marathahalli,BHARATH KS,bharath ks,,,1,5.0
bangalore,Marathahalli,Vimal Realtor,vimal realtor,,,1,5.0
bangalore,Marathahalli,Icon Space,icon space,,,1,5.0
bangalore,Marathahalli,GREEN SPACE ESTATES ESTATES,green space estates estates,,,1,5.0
bangalore,Marathahalli,Offbeat Realty,offbeat realty,,,1,5.0
bangalore,Marathahalli,Manjunath,manjunath,,,1,5.0
bangalore,Marathahalli,Nexus Walls Pvt Ltd,nexus walls pvt ltd,,,1,5.0
bangalore,Marathahalli,Settlin Zero Brokerage,settlin zero brokerage,,,1,5.0
bangalore,Marathahalli,Nest Seekers Bangalore,nest seekers bangalore,,,1,5.0
bangalore,Marathahalli,Ahujaa Realtors,ahujaa realtors,,,1,5.0
bangalore,Marathahalli,Topline Estates,topline estates,,,1,5.0
bangalore,Marathahalli,Vista Realty Advisory Pvt. Ltd.,vista realty advisory pvt. ltd.,,,1,5.0
bangalore,Marathahalli,Sarvamangala Realtors,sarvamangala realtors,,,1,5.0
bangalore,Marathahalli,Urban Capital,urban capital,,,1,5.0
bangalore,Marathahalli,Madhu,madhu,,,1,5.0
bangalore,Marathahalli,Realtor Bangalore,realtor bangalore,,,1,5.0
bangalore,Marathahalli,Agarwal Estates,agarwal estates,,,1,5.0
bangalore,Marathahalli,Motilal,motilal,,,1,5.0
bangalore,Marathahalli,Sand Rock,sand rock,,,1,5.0
bangalore,Marathahalli,NEST KEY,nest key,,,1,5.0
bangalore,Marathahalli,Paradise Spaces,paradise spaces,,,1,5.0
bangalore,Marathahalli,ORO PROPTECH,oro proptech,,,1,5.0
bangalore,Marathahalli,AK Prime Heritage,ak prime heritage,,,1,5.0
bangalore,Marathahalli,Prop Shikaar Pvt. Ltd.,prop shikaar pvt. ltd.,,,1,5.0
bangalore,Marathahalli,S N Real Estate,s n real estate,,,1,5.0
bangalore,Marathahalli,Knock In Enterprises,knock in enterprises,,,1,5.0
bangalore,Marathahalli,Sai Teja Enterprises,sai teja enterprises,,,1,5.0
bangalore,Marathahalli,Gruhatara Estates Pvt Ltd,gruhatara estates pvt ltd,,,1,5.0
bangalore,Marathahalli,Shekars Realty,shekars realty,,,1,5.0
bangalore,Marathahalli,Metro Bricks,metro bricks,,,1,5.0
bangalore,Marathahalli,Quintessence Investment,quintessence investment,,,1,5.0
bangalore,Marathahalli,Dreams Realty,dreams realty,,,1,5.0
bangalore,Sarjapur,Lodha Developers Private Limited,lodha developers private limited,,,1,5.0
bangalore,Sarjapur,Global Edifice Infra,global edifice infra,,,1,5.0
bangalore,Sarjapur,DS MAX Properties Pvt Ltd,ds max properties pvt ltd,,,1,5.0
bangalore,Sarjapur,Settlin Zero Brokerage,settlin zero brokerage,,,1,5.0
bangalore,Sarjapur,Vrushabadri Developers,vrushabadri developers,,,1,5.0
bangalore,Sarjapur,Go Spaze Realty,go spaze realty,,,1,5.0
bangalore,Sarjapur,Deepak,deepak,,,1,5.0
bangalore,Sarjapur,Planets Properties,planets properties,,,1,5.0
bangalore,Sarjapur,Prime Space,prime space,,,1,5.0
bangalore,Sarjapur,PropT Advisor,propt advisor,,,1,5.0
bangalore,Sarjapur,Infant Realty,infant realty,,,1,5.0
bangalore,Sarjapur,Prop Shikaar Pvt. Ltd.,prop shikaar pvt. ltd.,,,1,5.0
bangalore,Sarjapur,Advik Media And Reality,advik media and reality,,,1,5.0
bangalore,Sarjapur,Dreams Realty,dreams realty,,,1,5.0
bangalore,Sarjapur,Maven Realty,maven realty,,,1,5.0
bangalore,Sarjapur,Arvind Vijay,arvind vijay,,,1,5.0
bangalore,Sarjapur,Fusion Properties Pvt Ltd,fusion properties pvt ltd,,,1,5.0
bangalore,Sarjapur,Search Homes India Pvt. Ltd.,search homes india pvt. ltd.,,,1,5.0
bangalore,Sarjapur,4 Walls Realty,4 walls realty,,,1,5.0
bangalore,Sarjapur,Nexus Walls Pvt Ltd,nexus walls pvt ltd,,,1,5.0
bangalore,Sarjapur,Dwellabode,dwellabode,,,1,5.0
bangalore,Sarjapur,Khurshid Imam,khurshid imam,,,1,5.0
bangalore,Sarjapur,Best Home Reality,best home reality,,,1,5.0
bangalore,Sarjapur,Sarvamangala Realtors,sarvamangala realtors,,,1,5.0
bangalore,Sarjapur,Agarwal Realty And Investment,agarwal realty and investment,,,1,5.0
bangalore,Sarjapur,Sand Rock,sand rock,,,1,5.0
bangalore,Sarjapur,Onyx Spaces,onyx spaces,,,1,5.0
bangalore,Sarjapur,Prop Relator LLP,prop relator llp,,,1,5.0
bangalore,Sarjapur,Manjunath,manjunath,,,1,5.0
bangalore,Sarjapur,Gruhatara Estates Pvt Ltd,gruhatara estates pvt ltd,,,1,5.0
bangalore,Sarjapur,City Blocks,city blocks,,,1,5.0
bangalore,Sarjapur,Adrez Advisors Private Limited,adrez advisors private limited,,,1,5.0
bangalore,Sarjapur,Icon Space,icon space,,,1,5.0
bangalore,Sarjapur,Varoon,varoon,,,1,5.0
bangalore,Sarjapur,Mishra Properties,mishra properties,,,1,5.0
bangalore,Sarjapur,Shekar Shekar,shekar shekar,,,1,5.0
bangalore,Sarjapur,Akshaya Wealth Management Pvt Ltd,akshaya wealth management pvt ltd,,,1,5.0
bangalore,Sarjapur,Manage My Estate,manage my estate,,,1,5.0
bangalore,Sarjapur,Bangalore Homez,bangalore homez,,,1,5.0
bangalore,Sarjapur,SilverStone Property,silverstone property,,,1,5.0
bangalore,Sarjapur,Infimax Advisors Pvt. Ltd,infimax advisors pvt. ltd,,,1,5.0
bangalore,Sarjapur,Motilal,motilal,,,1,5.0
bangalore,Sarjapur,ENVOTANCY PRIVATE LIMITED,envotancy private limited,,,1,5.0
bangalore,Sarjapur,One Bangalore Prime Realty,one bangalore prime realty,,,1,5.0
bangalore,Sarjapur,Mohamed Uzair,mohamed uzair,,,1,5.0
bangalore,Sarjapur,Suresh,suresh,,,1,5.0
bangalore,Sarjapur,LIVEFLATS,liveflats,,,1,5.0
bangalore,Sarjapur,Shekhar Realtors,shekhar realtors,,,1,5.0
bangalore,Sarjapur,Thengali Narayana Shetty,thengali narayana shetty,,,1,5.0
bangalore,Sarjapur,Brick And Floor Pvt Ltd,brick and floor pvt ltd,,,1,5.0
bangalore,Sarjapur,Dreams Squaire Properties,dreams squaire properties,,,1,5.0
bangalore,Sarjapur,BLR Properties,blr properties,,,1,5.0
bangalore,Sarjapur,Yes Property,yes property,,,1,5.0
bangalore,Sarjapur,Touchstone Properties,touchstone properties,,,1,5.0
bangalore,Sarjapur,Dinesh,dinesh,,,1,5.0
bangalore,Sarjapur,Manasi,manasi,,,1,5.0
bangalore,Sarjapur,Ivy Homes,ivy homes,,,1,5.0
bangalore,Sarjapur,Vision Properties,vision properties,,,1,5.0
bangalore,Sarjapur,DHN Realtors,dhn realtors,,,1,5.0
bangalore,Sarjapur,Offbeat Realty,offbeat realty,,,1,5.0
bangalore,Sarjapur,Quintessence Investment,quintessence investment,,,1,5.0
bangalore,Sarjapur,Abdul Majeed Nasir,abdul majeed nasir,,,1,5.0
bangalore,Sarjapur,Dzire Homes,dzire homes,,,1,5.0
bangalore,Sarjapur,The Fly Estates,the fly estates,,,1,5.0
bangalore,Sarjapur,Sizzle Properties Pvt. Ltd.,sizzle properties pvt. ltd.,,,1,5.0
bangalore,Sarjapur,High Rise Realty,high rise realty,,,1,5.0
bangalore,Sarjapur,Whitefield Spaces,whitefield spaces,,,1,5.0
bangalore,Sarjapur,A M,a m,,,1,5.0
bangalore,HSR Layout,MR Developers,mr developers,,,1,5.0
bangalore,HSR Layout,V S Group Realtor,v s group realtor,,,1,5.0
bangalore,HSR Layout,Sabari Properties,sabari properties,,,1,5.0
bangalore,HSR Layout,SHREE,shree,,,1,5.0
bangalore,HSR Layout,JP Properties,jp properties,,,1,5.0
bangalore,HSR Layout,Globalmates,globalmates,,,1,5.0
bangalore,HSR Layout,Prop Centers,prop centers,,,1,5.0
bangalore,HSR Layout,Sri Maruthi Real Estate,sri maruthi real estate,,,1,5.0
bangalore,HSR Layout,Tenanted,tenanted,,,1,5.0
bangalore,HSR Layout,No Broker,no broker,,,1,5.0
bangalore,HSR Layout,Namma Space,namma space,,,1,5.0
bangalore,HSR Layout,Arvind Vijay,arvind vijay,,,1,5.0
bangalore,HSR Layout,Sri Lakshmi Varaha Builders,sri lakshmi varaha builders,,,1,5.0
bangalore,HSR Layout,Highland Consultant,highland consultant,,,1,5.0
bangalore,HSR Layout,Yes Property,yes property,,,1,5.0
bangalore,HSR Layout,Agarwal Estates,agarwal estates,,,1,5.0
bangalore,HSR Layout,Infimax Advisors Pvt. Ltd,infimax advisors pvt. ltd,,,1,5.0
bangalore,HSR Layout,Rise Reality HSR Layout,rise reality hsr layout,,,1,5.0
bangalore,HSR Layout,Settlin Zero Brokerage,settlin zero brokerage,,,1,5.0
bangalore,HSR Layout,CBRE South Asia Pvt Ltd.,cbre south asia pvt ltd.,,,1,5.0
bangalore,HSR Layout,Sri Vinayaka Real Estate,sri vinayaka real estate,,,1,5.0
bangalore,HSR Layout,Bangalore House,bangalore house,,,1,5.0
bangalore,HSR Layout,Bangalore Assetz,bangalore assetz,,,1,5.0
bangalore,HSR Layout,KPS Properties,kps properties,,,1,5.0
bangalore,HSR Layout,BLR Properties,blr properties,,,1,5.0
bangalore,HSR Layout,Sanjeet,sanjeet,,,1,5.0
bangalore,HSR Layout,Property First,property first,,,1,5.0
bangalore,HSR Layout,Manjunath,manjunath,,,1,5.0
bangalore,HSR Layout,JSRS Prop Care Pvt Ltd,jsrs prop care pvt ltd,,,1,5.0
bangalore,HSR Layout,AOL Realty,aol realty,,,1,5.0
bangalore,HSR Layout,Chandrasekhar Reddy,chandrasekhar reddy,,,1,5.0
bangalore,HSR Layout,AS Properties,as properties,,,1,5.0
bangalore,HSR Layout,S N Real Estate,s n real estate,,,1,5.0
bangalore,Koramangala,Target Estates,target estates,,,1,5.0
bangalore,Koramangala,Vijaya Lakshmi Constructions,vijaya lakshmi constructions,,,1,5.0
bangalore,Koramangala,MBN Properties,mbn properties,,,1,5.0
bangalore,Koramangala,Sweekar Estate Agency,sweekar estate agency,,,1,5.0
bangalore,Koramangala,Dreamloft Estate,dreamloft estate,,,1,5.0
bangalore,Koramangala,No Broker,no broker,,,1,5.0
bangalore,Koramangala,Pradeep,pradeep,,,1,5.0
bangalore,Koramangala,Parikshit,parikshit,,,1,5.0
bangalore,Koramangala,Prime Properties,prime properties,,,1,5.0
bangalore,Koramangala,Advik Media And Reality,advik media and reality,,,1,5.0
bangalore,Koramangala,Set Home Realty,set home realty,,,1,5.0
bangalore,Koramangala,Landmark Ventures,landmark ventures,,,1,5.0
bangalore,Koramangala,Sandeep Reddy,sandeep reddy,,,1,5.0
bangalore,Koramangala,Prop Soul,prop soul,,,1,5.0
bangalore,Koramangala,Sourish Pal,sourish pal,,,1,5.0
bangalore,Koramangala,Tanish Realtors,tanish realtors,,,1,5.0
bangalore,Koramangala,Dreams2walls Realty,dreams2walls realty,,,1,5.0
bangalore,Koramangala,Property First Realty LLP,property first realty llp,,,1,5.0
bangalore,Koramangala,Pinestone,pinestone,,,1,5.0
bangalore,Koramangala,Classic Estate Agency,classic estate agency,,,1,5.0
bangalore,Koramangala,Globalmates,globalmates,,,1,5.0
bangalore,Koramangala,Icon Space,icon space,,,1,5.0
bangalore,Koramangala,PRICE POINT REALTORS,price point realtors,,,1,5.0
bangalore,Koramangala,Harisha,harisha,,,1,5.0
bangalore,Koramangala,Sky Heights Corp,sky heights corp,,,1,5.0
bangalore,Koramangala,J K Associates,j k associates,,,1,5.0
bangalore,Koramangala,Sand Rock,sand rock,,,1,5.0
bangalore,Koramangala,Umair,umair,,,1,5.0
bangalore,Koramangala,R V Homes,r v homes,,,1,5.0
bangalore,Koramangala,Sangani Living Solutions,sangani living solutions,,,1,5.0
bangalore,Koramangala,Yes Property,yes property,,,1,5.0
bangalore,Koramangala,CBRE South Asia Pvt Ltd.,cbre south asia pvt ltd.,,,1,5.0
bangalore,Koramangala,ESS MARKETING,ess marketing,,,1,5.0
bangalore,Koramangala,27 Estates,27 estates,,,1,5.0
bangalore,Koramangala,Motilal,motilal,,,1,5.0
bangalore,Koramangala,Infimax Advisors Pvt. Ltd,infimax advisors pvt. ltd,,,1,5.0
bangalore,Koramangala,N K Associates,n k associates,,,1,5.0
bangalore,Koramangala,Urban Capital,urban capital,,,1,5.0
bangalore,Koramangala,Sameer Estates & Interiors,sameer estates & interiors,,,1,5.0
bangalore,Koramangala,Coldwell Banker Value Add Realty,coldwell banker value add realty,,,1,5.0
bangalore,Koramangala,Vichithra Properties,vichithra properties,,,1,5.0
bangalore,Koramangala,Hanu Reddy Realty India Pvt. Ltd.,hanu reddy realty india pvt. ltd.,,,1,5.0
bangalore,Koramangala,Blueco Realty,blueco realty,,,1,5.0
bangalore,Koramangala,Global Enterprises,global enterprises,,,1,5.0
bangalore,Koramangala,Mohamed Uzair,mohamed uzair,,,1,5.0
bangalore,Koramangala,Acua Realtor,acua realtor,,,1,5.0
bangalore,Koramangala,Ambit Realty,ambit realty,,,1,5.0
bangalore,Koramangala,IMAX Properties,imax properties,,,1,5.0
bangalore,Koramangala,4 M Realty,4 m realty,,,1,5.0
bangalore,Koramangala,Realtor Bangalore,realtor bangalore,,,1,5.0
bangalore,Koramangala,Chalukya Realty Pvt. Ltd.,chalukya realty pvt. ltd.,,,1,5.0
bangalore,Koramangala,Dzire Homes,dzire homes,,,1,5.0
bangalore,Koramangala,Homekart,homekart,,,1,5.0
bangalore,Koramangala,S N Real Estate,s n real estate,,,1,5.0
bangalore,Koramangala,Adrez Advisors Private Limited,adrez advisors private limited,,,1,5.0
bangalore,Koramangala,Ekansh Realty,ekansh realty,,,1,5.0
bangalore,Koramangala,Whitefield Spaces,whitefield spaces,,,1,5.0
bangalore,Koramangala,Ramesh Chagpar Kothari,ramesh chagpar kothari,,,1,5.0
bangalore,Koramangala,Shree Estates,shree estates,,,1,5.0
bangalore,Koramangala,Govardhan Real Estate,govardhan real estate,,,1,5.0
bangalore,Koramangala,Shaik Sultan,shaik sultan,,,1,5.0
bangalore,Koramangala,Sri Maruthi Real Estate,sri maruthi real estate,,,1,5.0
bangalore,Koramangala,Rise Reality HSR Layout,rise reality hsr layout,,,1,5.0
bangalore,Koramangala,Srinivas,srinivas,,,1,5.0
bangalore,Koramangala,BLR Properties,blr properties,,,1,5.0
bangalore,Koramangala,Akram,akram,,,1,5.0
bangalore,Hebbal,AK Prime Heritage,ak prime heritage,,,1,5.0
bangalore,Hebbal,Metro Realtor,metro realtor,,,1,5.0
bangalore,Hebbal,No Broker,no broker,,,1,5.0
bangalore,Hebbal,Opulence Properties,opulence properties,,,1,5.0
bangalore,Hebbal,Golden Bricks Properties,golden bricks properties,,,1,5.0
bangalore,Hebbal,Castle & Nest Realty,castle & nest realty,,,1,5.0
bangalore,Hebbal,Prop Soul,prop soul,,,1,5.0
bangalore,Hebbal,WHITE CLOUD REALTY,white cloud realty,,,1,5.0
bangalore,Hebbal,Havenkeys,havenkeys,,,1,5.0
bangalore,Hebbal,Parikshit,parikshit,,,1,5.0
bangalore,Hebbal,Forte Real Estate,forte real estate,,,1,5.0
bangalore,Hebbal,Property First,property first,,,1,5.0
bangalore,Hebbal,Living Bangalore,living bangalore,,,1,5.0
bangalore,Hebbal,Homiez Realty,homiez realty,,,1,5.0
bangalore,Hebbal,SHREE,shree,,,1,5.0
bangalore,Hebbal,Cyrus Estates,cyrus estates,,,1,5.0
bangalore,Hebbal,Daulaths Estate,daulaths estate,,,1,5.0
bangalore,Hebbal,Vinayy Properties,vinayy properties,,,1,5.0
bangalore,Hebbal,P &P Realty,p &p realty,,,1,5.0
bangalore,Hebbal,Stepstone Infra,stepstone infra,,,1,5.0
bangalore,Hebbal,Sevenhills Properties (Realty),sevenhills properties (realty),,,1,5.0
bangalore,Hebbal,Nasir,nasir,,,1,5.0
bangalore,Hebbal,East Coast Living,east coast living,,,1,5.0
bangalore,Hebbal,Muneer MD,muneer md,,,1,5.0
bangalore,Hebbal,Samir Kumar,samir kumar,,,1,5.0
bangalore,Hebbal,Go Spaze Realty,go spaze realty,,,1,5.0
bangalore,Hebbal,The Dwellwell Estate Pvt Ltd,the dwellwell estate pvt ltd,,,1,5.0
bangalore,Hebbal,Property First Realty LLP,property first realty llp,,,1,5.0
bangalore,Hebbal,Trading Spaces,trading spaces,,,1,5.0
bangalore,Hebbal,PRICE POINT REALTORS,price point realtors,,,1,5.0
bangalore,Hebbal,G R Reality,g r reality,,,1,5.0
bangalore,Hebbal,Space Traders Realty,space traders realty,,,1,5.0
bangalore,Hebbal,Rithika Rambabu,rithika rambabu,,,1,5.0
bangalore,Hebbal,Living Address,living address,,,1,5.0
bangalore,Hebbal,Prestige Realtors,prestige realtors,,,1,5.0
bangalore,Hebbal,Genius Properties,genius properties,,,1,5.0
bangalore,Hebbal,Zenith Properties,zenith properties,,,1,5.0
bangalore,Hebbal,Shreyas,shreyas,,,1,5.0
bangalore,Hebbal,Estatesquad Services Pvt Ltd,estatesquad services pvt ltd,,,1,5.0
bangalore,Hebbal,Emma Stanley Pvt Ltd,emma stanley pvt ltd,,,1,5.0
bangalore,Hebbal,Space Shop,space shop,,,1,5.0
bangalore,Hebbal,Pradeep,pradeep,,,1,5.0
bangalore,Hebbal,Sanjeet,sanjeet,,,1,5.0
bangalore,Hebbal,Manjunatha Reddy,manjunatha reddy,,,1,5.0
bangalore,Hebbal,Saud Ahmed,saud ahmed,,,1,5.0
bangalore,Hebbal,Virendra Kumar,virendra kumar,,,1,5.0
bangalore,Hebbal,Brick And Floor Pvt Ltd,brick and floor pvt ltd,,,1,5.0
bangalore,Hebbal,Yes Property,yes property,,,1,5.0
bangalore,Hebbal,Prop Capital,prop capital,,,1,5.0
bangalore,Hebbal,Infimax Advisors Pvt. Ltd,infimax advisors pvt. ltd,,,1,5.0
bangalore,Hebbal,Amazon Prime Properties,amazon prime properties,,,1,5.0
bangalore,Hebbal,Settlin Zero Brokerage,settlin zero brokerage,,,1,5.0
bangalore,Hebbal,Sharu Homes,sharu homes,,,1,5.0
bangalore,Hebbal,S2 Milkyway Links,s2 milkyway links,,,1,5.0
bangalore,Hebbal,Vista Realty Advisory Pvt. Ltd.,vista realty advisory pvt. ltd.,,,1,5.0
bangalore,Hebbal,Realtor Bangalore,realtor bangalore,,,1,5.0
bangalore,Hebbal,One Bangalore Prime Realty,one bangalore prime realty,,,1,5.0
bangalore,Hebbal,Animesh Sahni & Co,animesh sahni & co,,,1,5.0
bangalore,Hebbal,Ultimax,ultimax,,,1,5.0
bangalore,Hebbal,Manage My Estate,manage my estate,,,1,5.0
bangalore,Hebbal,RAVI KUMAR M,ravi kumar m,,,1,5.0
bangalore,Hebbal,Zaji Ventures,zaji ventures,,,1,5.0
bangalore,Hebbal,ESS MARKETING,ess marketing,,,1,5.0
bangalore,Hebbal,Prop Shikaar Pvt. Ltd.,prop shikaar pvt. ltd.,,,1,5.0
bangalore,Hebbal,GAJENDRA MN,gajendra mn,,,1,5.0
bangalore,Hebbal,Suman,suman,,,1,5.0
bangalore,Hebbal,Key2Home,key2home,,,1,5.0
bangalore,Hebbal,Varoon,varoon,,,1,5.0
bangalore,Hebbal,Sweekar Estate Agency,sweekar estate agency,,,1,5.0
bangalore,Hebbal,Sherrys Corporation,sherrys corporation,,,1,5.0
bangalore,Hebbal,Sri Ganesh Enterprises,sri ganesh enterprises,,,1,5.0
bangalore,Hebbal,Manjesh C,manjesh c,,,1,5.0
bangalore,Hebbal,Square One Realty,square one realty,,,1,5.0
bangalore,Hebbal,Coldwell Banker Value Add Realty,coldwell banker value add realty,,,1,5.0
bangalore,Hebbal,Nest Seekers Bangalore,nest seekers bangalore,,,1,5.0
bangalore,Hebbal,Salman Realty,salman realty,,,1,5.0
bangalore,Hebbal,Maven Realty,maven realty,,,1,5.0
bangalore,Hebbal,Maatha Props,maatha props,,,1,5.0
bangalore,Hebbal,HSB BUILDTECH PRIVATE LIMITED,hsb buildtech private limited,,,1,5.0
bangalore,Hebbal,Azgar Ali,azgar ali,,,1,5.0
bangalore,Hebbal,Cubic Feet Realty,cubic feet realty,,,1,5.0
bangalore,Hebbal,AKASH K,akash k,,,1,5.0
bangalore,Hebbal,Metro Living,metro living,,,1,5.0
bangalore,Hebbal,Avenuez RE Solutions,avenuez re solutions,,,1,5.0
bangalore,Hebbal,Capital Realty,capital realty,,,1,5.0
bangalore,Hebbal,Blueco Realty,blueco realty,,,1,5.0
bangalore,Hebbal,Sunny,sunny,,,1,5.0
bangalore,Hebbal,Your Home Search,your home search,,,1,5.0
bangalore,Hebbal,Arbin,arbin,,,1,5.0
bangalore,Hebbal,Jagdish,jagdish,,,1,5.0
bangalore,Hebbal,CBRE South Asia Pvt Ltd.,cbre south asia pvt ltd.,,,1,5.0
bangalore,Hebbal,Trend Shelters,trend shelters,,,1,5.0
bangalore,Hebbal,RentEazy,renteazy,,,1,5.0
bangalore,Hebbal,Ravi Kumar,ravi kumar,,,1,5.0
bangalore,Hebbal,Sand Rock,sand rock,,,1,5.0
bangalore,Hebbal,SilverStone Property,silverstone property,,,1,5.0
bangalore,Hebbal,Ramesh Chagpar Kothari,ramesh chagpar kothari,,,1,5.0
bangalore,Yelahanka,Suman,suman,,,1,5.0
bangalore,Yelahanka,Mahaveer Group,mahaveer group,,,1,5.0
bangalore,Yelahanka,Swaayam Krushy Builders,swaayam krushy builders,,,1,5.0
bangalore,Yelahanka,Assetz Property Group,assetz property group,,,1,5.0
bangalore,Yelahanka,Aryan Ventures,aryan ventures,,,1,5.0
bangalore,Yelahanka,Aryan Landmarks,aryan landmarks,,,1,5.0
bangalore,Yelahanka,Sri Balaji Structures,sri balaji structures,,,1,5.0
bangalore,Yelahanka,Kumar,kumar,,,1,5.0
bangalore,Yelahanka,RR Realtors,rr realtors,,,1,5.0
bangalore,Yelahanka,North Star Realty,north star realty,,,1,5.0
bangalore,Yelahanka,Sevenhills Properties (Realty),sevenhills properties (realty),,,1,5.0
bangalore,Yelahanka,Fortune Estate,fortune estate,,,1,5.0
bangalore,Yelahanka,Stairway Homes,stairway homes,,,1,5.0
bangalore,Yelahanka,NISHCHITH,nishchith,,,1,5.0
bangalore,Yelahanka,Apple Realty,apple realty,,,1,5.0
bangalore,Yelahanka,Salman Realty,salman realty,,,1,5.0
bangalore,Yelahanka,S S Innovations,s s innovations,,,1,5.0
bangalore,Yelahanka,Emirates Realty,emirates realty,,,1,5.0
bangalore,Yelahanka,Ultra Realty,ultra realty,,,1,5.0
bangalore,Yelahanka,Metro Living,metro living,,,1,5.0
bangalore,Yelahanka,Infimax Advisors Pvt. Ltd,infimax advisors pvt. ltd,,,1,5.0
bangalore,Yelahanka,Cubic Feet Realty,cubic feet realty,,,1,5.0
bangalore,Yelahanka,PRICE POINT REALTORS,price point realtors,,,1,5.0
bangalore,Yelahanka,The Dwellwell Estate Pvt Ltd,the dwellwell estate pvt ltd,,,1,5.0
bangalore,Yelahanka,City Blocks,city blocks,,,1,5.0
bangalore,Yelahanka,Metro Realtor,metro realtor,,,1,5.0
bangalore,Yelahanka,Golden Bricks Properties,golden bricks properties,,,1,5.0
bangalore,Yelahanka,Global Enterprises,global enterprises,,,1,5.0
bangalore,Yelahanka,Kuber Spaces And Estate Consulting OPC Pvt. Ltd.,kuber spaces and estate consulting opc pvt. ltd.,,,1,5.0
bangalore,Yelahanka,M H Estates,m h estates,,,1,5.0
bangalore,Yelahanka,K&Amp;L Realty,k&amp;l realty,,,1,5.0
bangalore,Yelahanka,J K Associates,j k associates,,,1,5.0
bangalore,Yelahanka,Getta Properties,getta properties,,,1,5.0
bangalore,Yelahanka,Oceans Five Home,oceans five home,,,1,5.0
bangalore,Yelahanka,Mishra Properties,mishra properties,,,1,5.0
bangalore,Yelahanka,WHITE CLOUD REALTY,white cloud realty,,,1,5.0
bangalore,Yelahanka,Dright Properties,dright properties,,,1,5.0
bangalore,Yelahanka,Virendra Kumar,virendra kumar,,,1,5.0
bangalore,Yelahanka,MN Realtors,mn realtors,,,1,5.0
bangalore,Yelahanka,XL Properties,xl properties,,,1,5.0
bangalore,Yelahanka,S2 Milkyway Links,s2 milkyway links,,,1,5.0
bangalore,Yelahanka,Varoon,varoon,,,1,5.0
bangalore,Yelahanka,Capitol Consultants,capitol consultants,,,1,5.0
bangalore,Yelahanka,Motilal,motilal,,,1,5.0
bangalore,Yelahanka,Acua Realtor,acua realtor,,,1,5.0
bangalore,Yelahanka,Yes Property,yes property,,,1,5.0
bangalore,Yelahanka,Porchlight Realty Pvt Ltd,porchlight realty pvt ltd,,,1,5.0
bangalore,Yelahanka,Prop Shikaar Pvt. Ltd.,prop shikaar pvt. ltd.,,,1,5.0
bangalore,Yelahanka,Avish Reddy,avish reddy,,,1,5.0
bangalore,Yelahanka,Krishna Associates,krishna associates,,,1,5.0
bangalore,Yelahanka,BLR Properties,blr properties,,,1,5.0
bangalore,Yelahanka,Serenity Realty,serenity realty,,,1,5.0
bangalore,Yelahanka,Aureus Realtors,aureus realtors,,,1,5.0
bangalore,Yelahanka,ESS &Amp; ESS Infrastructure Pvt. Ltd,ess &amp; ess infrastructure pvt. ltd,,,1,5.0
bangalore,Yelahanka,R S Realty,r s realty,,,1,5.0
bangalore,Yelahanka,Sizzle Properties Pvt. Ltd.,sizzle properties pvt. ltd.,,,1,5.0
bangalore,Yelahanka,Multicity Consultants,multicity consultants,,,1,5.0
bangalore,Yelahanka,Settlin Zero Brokerage,settlin zero brokerage,,,1,5.0
bangalore,Yelahanka,Emerald Properties,emerald properties,,,1,5.0
bangalore,Yelahanka,IMAX Properties,imax properties,,,1,5.0
bangalore,Yelahanka,Rajendra,rajendra,,,1,5.0
bangalore,Yelahanka,Golden Bricks,golden bricks,,,1,5.0
bangalore,Yelahanka,Raghavendra,raghavendra,,,1,5.0
bangalore,Yelahanka,Metro Bricks,metro bricks,,,1,5.0
bangalore,Yelahanka,Paradise Spaces,paradise spaces,,,1,5.0
bangalore,Yelahanka,Crystal Homes,crystal homes,,,1,5.0
hyderabad,Madhapur,Sweet Homes Vahid,sweet homes vahid,,,7,10.0
hyderabad,Madhapur,Shiva D,shiva d,,,3,9.8
hyderabad,Madhapur,Karthik,karthik,,,3,9.8
hyderabad,Madhapur,SERENE PROPERTY SERVICES,serene property services,,,3,9.8
hyderabad,Madhapur,Goutham Krishna,goutham krishna,,,3,9.8
hyderabad,Madhapur,Arvindh Real Estates,arvindh real estates,,,3,9.8
hyderabad,Kondapur,Srinivas,srinivas,,,2,9.6
hyderabad,Hitech City,Goutham Krishna,goutham krishna,,,1,4.8
hyderabad,Hitech City,Shreemukh Namitha Homes Pvt Ltd,shreemukh namitha homes pvt ltd,,,1,4.8
hyderabad,Hitech City,Fair Rent Resale,fair rent resale,,,1,4.8
hyderabad,Hitech City,Ram Realty,ram realty,,,1,4.8
hyderabad,Hitech City,Housing Space,housing space,,,1,4.8
hyderabad,Hitech City,Dreaamzarrow Homes Infra Pvt Ltd.,dreaamzarrow homes infra pvt ltd.,,,1,4.8
hyderabad,Hitech City,Lokal Properties Pvt Ltd,lokal properties pvt ltd,,,1,4.8
hyderabad,Hitech City,Divya Property Consultant,divya property consultant,,,1,4.8
hyderabad,Hitech City,K. Krishna,k. krishna,,,1,4.8
hyderabad,Hitech City,Rajesh,rajesh,,,1,4.8
hyderabad,Hitech City,Space Link,space link,,,1,4.8
hyderabad,Hitech City,R R Realty,r r realty,,,1,4.8
hyderabad,Hitech City,ReNew Realty,renew realty,,,1,4.8
hyderabad,Hitech City,Sweet Homes Vahid,sweet homes vahid,,,1,4.8
hyderabad,Hitech City,MADDURI PROPERTIES,madduri properties,,,1,4.8
hyderabad,Hitech City,Aslam,aslam,,,1,4.8
hyderabad,Hitech City,Quick House Guru Realtors LLP,quick house guru realtors llp,,,1,4.8
hyderabad,Hitech City,Sri Balaji Real Estate,sri balaji real estate,,,1,4.8
hyderabad,Hitech City,Maxxco Real Estate,maxxco real estate,,,1,4.8
hyderabad,Hitech City,Space Properties,space properties,,,1,4.8
hyderabad,Hitech City,PROPERTY LINK,property link,,,1,4.8
hyderabad,Hitech City,Sri Mahati Realtors,sri mahati realtors,,,1,4.8
hyderabad,Hitech City,Anvitha Property Consultants,anvitha property consultants,,,1,4.8
hyderabad,Hitech City,Avenir Realty,avenir realty,,,1,4.8
hyderabad,Hitech City,Raju,raju,,,1,4.8
hyderabad,Hitech City,Ani Properties,ani properties,,,1,4.8
hyderabad,Hitech City,Joseph,joseph,,,1,4.8
hyderabad,Hitech City,D Sandeep,d sandeep,,,1,4.8
hyderabad,Hitech City,SAY Properties,say properties,,,1,4.8
hyderabad,Hitech City,Shiva D,shiva d,,,1,4.8
hyderabad,Hitech City,Karthik,karthik,,,1,4.8
hyderabad,Hitech City,Vara Prasad,vara prasad,,,1,4.8
hyderabad,Hitech City,Convex Homes,convex homes,,,1,4.8
hyderabad,Hitech City,Pawan,pawan,,,1,4.8
hyderabad,Hitech City,C R Properties Hub,c r properties hub,,,1,4.8
hyderabad,Hitech City,Chakravarthy Realtors,chakravarthy realtors,,,1,4.8
hyderabad,Hitech City,Suraj Realestates Realestates,suraj realestates realestates,,,1,4.8
hyderabad,Hitech City,Explore Properties,explore properties,,,1,4.8
hyderabad,Hitech City,Ravinder,ravinder,,,1,4.8
hyderabad,Hitech City,Vijay Associate,vijay associate,,,1,4.8
hyderabad,Hitech City,Hari Krishna,hari krishna,,,1,4.8
hyderabad,Hitech City,Murali Krishna Reddy,murali krishna reddy,,,1,4.8
hyderabad,Madhapur,Sridhar Goud,sridhar goud,,,1,4.8
hyderabad,Madhapur,Beyond Homes Pvt Ltd,beyond homes pvt ltd,,,1,4.8
hyderabad,Madhapur,Space Link,space link,,,1,4.8
hyderabad,Madhapur,Franch Realty,franch realty,,,1,4.8
hyderabad,Madhapur,Aslam,aslam,,,1,4.8
hyderabad,Madhapur,KrishoJana Realty,krishojana realty,,,1,4.8
hyderabad,Madhapur,Deccan Infra,deccan infra,,,1,4.8
hyderabad,Madhapur,Divya Property Consultant,divya property consultant,,,1,4.8
hyderabad,Madhapur,Rajesh,rajesh,,,1,4.8
hyderabad,Madhapur,Rama Krishna Reddy,rama krishna reddy,,,1,4.8
hyderabad,Madhapur,Mohd,mohd,,,1,4.8
hyderabad,Madhapur,SRI SAI SARANYA HOUSING LTD P,sri sai saranya housing ltd p,,,1,4.8
hyderabad,Madhapur,Chaitanya Realty,chaitanya realty,,,1,4.8
hyderabad,Madhapur,Manikanta,manikanta,,,1,4.8
hyderabad,Madhapur,Space Properties,space properties,,,1,4.8
hyderabad,Madhapur,Joseph,joseph,,,1,4.8
hyderabad,Madhapur,Shanmukho Properties,shanmukho properties,,,1,4.8
hyderabad,Madhapur,Vara Prasad,vara prasad,,,1,4.8
hyderabad,Madhapur,Aston Realty,aston realty,,,1,4.8
hyderabad,Madhapur,Sri Mahati Realtors,sri mahati realtors,,,1,4.8
hyderabad,Madhapur,Vijay Associate,vijay associate,,,1,4.8
hyderabad,Madhapur,SIMCHAH ESTATES PRIVATE LIMITE,simchah estates private limite,,,1,4.8
hyderabad,Madhapur,BMR Projects Limited,bmr projects limited,,,1,4.8
hyderabad,Gachibowli,Goutham Krishna,goutham krishna,,,1,4.8
hyderabad,Gachibowli,Namishree,namishree,,,1,4.8
hyderabad,Gachibowli,Jaswitha Constructions,jaswitha constructions,,,1,4.8
hyderabad,Gachibowli,MPM Ventures Private Limited,mpm ventures private limited,,,1,4.8
hyderabad,Gachibowli,V Space,v space,,,1,4.8
hyderabad,Gachibowli,Aston Realty,aston realty,,,1,4.8
hyderabad,Gachibowli,Rao,rao,,,1,4.8
hyderabad,Gachibowli,Tiranga Realty,tiranga realty,,,1,4.8
hyderabad,Gachibowli,Dhani Realty HYD,dhani realty hyd,,,1,4.8
hyderabad,Gachibowli,Property Post,property post,,,1,4.8
hyderabad,Gachibowli,Madras Two Realtor,madras two realtor,,,1,4.8
hyderabad,Gachibowli,Ram,ram,,,1,4.8
hyderabad,Gachibowli,Profound Properties,profound properties,,,1,4.8
hyderabad,Gachibowli,DHS Property Solutions,dhs property solutions,,,1,4.8
hyderabad,Gachibowli,Deepak Kumar Kumar,deepak kumar kumar,,,1,4.8
hyderabad,Gachibowli,Shiva Gudimetla,shiva gudimetla,,,1,4.8
hyderabad,Gachibowli,Housing Space,housing space,,,1,4.8
hyderabad,Gachibowli,PKK Realtors,pkk realtors,,,1,4.8
hyderabad,Gachibowli,Shanwaz,shanwaz,,,1,4.8
hyderabad,Gachibowli,Driven Properties India,driven properties india,,,1,4.8
hyderabad,Gachibowli,Nanda Kishore,nanda kishore,,,1,4.8
hyderabad,Gachibowli,Investor Unit,investor unit,,,1,4.8
hyderabad,Gachibowli,Ghar Properties,ghar properties,,,1,4.8
hyderabad,Gachibowli,Sourish Pal,sourish pal,,,1,4.8
hyderabad,Gachibowli,Space Properties,space properties,,,1,4.8
hyderabad,Gachibowli,Swaasa Real Estate Consultancy,swaasa real estate consultancy,,,1,4.8
hyderabad,Gachibowli,Venkatesh,venkatesh,,,1,4.8
hyderabad,Gachibowli,Shanmukho Properties,shanmukho properties,,,1,4.8
hyderabad,Gachibowli,Space Link,space link,,,1,4.8
hyderabad,Gachibowli,B NAVEEN,b naveen,,,1,4.8
hyderabad,Gachibowli,Sri Mahati Realtors,sri mahati realtors,,,1,4.8
hyderabad,Kondapur,V Space,v space,,,1,4.8
hyderabad,Kondapur,Fortune Reality,fortune reality,,,1,4.8
hyderabad,Kondapur,Anokhi Enterprises Pvt Ltd,anokhi enterprises pvt ltd,,,1,4.8
hyderabad,Kondapur,Crown Nd Keys Realty,crown nd keys realty,,,1,4.8
hyderabad,Kondapur,Elephan Tale Realty,elephan tale realty,,,1,4.8
hyderabad,Kondapur,Blueprint Realty,blueprint realty,,,1,4.8
hyderabad,Kondapur,Sunshine Property Services,sunshine property services,,,1,4.8
hyderabad,Kondapur,Madras Two Realtor,madras two realtor,,,1,4.8
hyderabad,Kondapur,KLM INFRA PROJECTS,klm infra projects,,,1,4.8
hyderabad,Kondapur,Srinivasa Reddy,srinivasa reddy,,,1,4.8
hyderabad,Kondapur,Lokal Properties Pvt Ltd,lokal properties pvt ltd,,,1,4.8
hyderabad,Kondapur,SAY Properties,say properties,,,1,4.8
hyderabad,Kondapur,Maxxco Real Estate,maxxco real estate,,,1,4.8
hyderabad,Kondapur,Dreaamzarrow Homes Infra Pvt Ltd.,dreaamzarrow homes infra pvt ltd.,,,1,4.8
hyderabad,Kondapur,Sweet Homes Vahid,sweet homes vahid,,,1,4.8
hyderabad,Kondapur,Imraan,imraan,,,1,4.8
hyderabad,Kondapur,Venkat Reddy Sripathy,venkat reddy sripathy,,,1,4.8
hyderabad,Kondapur,PJ Properties,pj properties,,,1,4.8
hyderabad,Kondapur,Propsols,propsols,,,1,4.8
hyderabad,Kondapur,S S Innovations,s s innovations,,,1,4.8
hyderabad,Kondapur,BMRS Realtors Pvt Ltd/Sonu Interiors,bmrs realtors pvt ltd/sonu interiors,,,1,4.8
hyderabad,Kondapur,Auctus Reality,auctus reality,,,1,4.8
hyderabad,Kondapur,Aslam,aslam,,,1,4.8
hyderabad,Kondapur,Anvitha Property Consultants,anvitha property consultants,,,1,4.8
hyderabad,Kondapur,Beyond Homes Pvt Ltd,beyond homes pvt ltd,,,1,4.8
hyderabad,Kondapur,Reddy Properties,reddy properties,,,1,4.8
hyderabad,Kondapur,Sritha Constructions,sritha constructions,,,1,4.8
hyderabad,Kondapur,Ravi,ravi,,,1,4.8
hyderabad,Kondapur,R R Realty,r r realty,,,1,4.8
hyderabad,Kondapur,Quick House Guru Realtors LLP,quick house guru realtors llp,,,1,4.8
hyderabad,Kondapur,Housewise.In,housewise.in,,,1,4.8
hyderabad,Kondapur,Sri Balaji Real Estate,sri balaji real estate,,,1,4.8
hyderabad,Kondapur,Rambabu K,rambabu k,,,1,4.8
hyderabad,Kondapur,Karthik,karthik,,,1,4.8
hyderabad,Kondapur,Murali Krishna Reddy,murali krishna reddy,,,1,4.8
hyderabad,Kondapur,Kassay Homes Private Limited,kassay homes private limited,,,1,4.8
hyderabad,Kondapur,Goutham Krishna,goutham krishna,,,1,4.8
hyderabad,Kondapur,Vara Prasad,vara prasad,,,1,4.8
hyderabad,Kondapur,Value Nest Global NRI Realty,value nest global nri realty,,,1,4.8
hyderabad,Kondapur,SRI SAI INFRA,sri sai infra,,,1,4.8
hyderabad,Kondapur,Metro Properties,metro properties,,,1,4.8
hyderabad,Kondapur,ANAND,anand,,,1,4.8
hyderabad,Kukatpally,Cybercity Builders And Developers Pvt. Ltd.,cybercity builders and developers pvt. ltd.,,,1,4.8
hyderabad,Kukatpally,Arjun,arjun,,,1,4.8
hyderabad,Kukatpally,Maxxco Real Estate,maxxco real estate,,,1,4.8
hyderabad,Kukatpally,Kartikeya Developers,kartikeya developers,,,1,4.8
hyderabad,Kukatpally,Deepak Kumar Kumar,deepak kumar kumar,,,1,4.8
hyderabad,Kukatpally,Aston Realty,aston realty,,,1,4.8
hyderabad,Kukatpally,KLM INFRA PROJECTS,klm infra projects,,,1,4.8
hyderabad,Kukatpally,Ultra Realty,ultra realty,,,1,4.8
hyderabad,Kukatpally,Driven Properties India,driven properties india,,,1,4.8
hyderabad,Kukatpally,Nanda Kishore,nanda kishore,,,1,4.8
hyderabad,Kukatpally,SAY Properties,say properties,,,1,4.8
hyderabad,Kukatpally,Deccan Infra,deccan infra,,,1,4.8
hyderabad,Kukatpally,Auctus Reality,auctus reality,,,1,4.8
hyderabad,Kukatpally,Samir Chopra,samir chopra,,,1,4.8
hyderabad,Kukatpally,Investor Unit,investor unit,,,1,4.8
hyderabad,Kukatpally,PJ Properties,pj properties,,,1,4.8
hyderabad,Kukatpally,Value Nest Global NRI Realty,value nest global nri realty,,,1,4.8
hyderabad,Kukatpally,Pawan,pawan,,,1,4.8
hyderabad,Kukatpally,M KOTI BABU,m koti babu,,,1,4.8
hyderabad,Kukatpally,One Roof Property Solution,one roof property solution,,,1,4.8
chennai,Perungudi,Prop Leaf,prop leaf,,,6,9.9
chennai,Perungudi,Anjali Properties,anjali properties,,,6,9.9
chennai,Perungudi,Luxclusive Homes,luxclusive homes,,,6,9.9
chennai,Siruseri,Coastal Property,coastal property,,,6,9.9
chennai,Siruseri,Street Creators,street creators,,,5,9.7
chennai,Sholinganallur,Moon Realtors,moon realtors,,,4,9.5
chennai,Sholinganallur,Nook And Corner Properties,nook and corner properties,,,4,9.5
chennai,Sholinganallur,SCC Homes & Properties,scc homes & properties,,,4,9.5
chennai,OMR,Moon Realtors,moon realtors,,,3,9.2
chennai,Sholinganallur,Madras Two Realtor,madras two realtor,,,3,9.2
chennai,Sholinganallur,Medsea Properties,medsea properties,,,3,9.2
chennai,Sholinganallur,Crystal Homes,crystal homes,,,3,9.2
chennai,Perungudi,ATW Home,atw home,,,3,9.2
chennai,OMR,Connection Point,connection point,,,2,8.4
chennai,OMR,Dinesh Realty,dinesh realty,,,2,8.4
chennai,OMR,ATW Home,atw home,,,2,8.4
chennai,OMR,Oceans Five Home,oceans five home,,,2,8.4
chennai,OMR,Emaar Elite,emaar elite,,,2,8.4
chennai,OMR,Chennai Property Service,chennai property service,,,2,8.4
chennai,OMR,Jain Estates,jain estates,,,2,8.4
chennai,Sholinganallur,Coastal Property,coastal property,,,2,8.4
chennai,Sholinganallur,Matrix Realtor,matrix realtor,,,2,8.4
chennai,Perungudi,Red Realty,red realty,,,2,8.4
chennai,Siruseri,ATW Home,atw home,,,2,8.4
chennai,Siruseri,G J Realty,g j realty,,,2,8.4
chennai,OMR,Jain Housing & Constructions Ltd.,jain housing & constructions ltd.,,,1,3.9
chennai,OMR,Royal Land And Developer,royal land and developer,,,1,3.9
chennai,OMR,Verify Assetz,verify assetz,,,1,3.9
chennai,OMR,Marutham Prop Consulting Pvt Ltd,marutham prop consulting pvt ltd,,,1,3.9
chennai,OMR,Street Creators,street creators,,,1,3.9
chennai,OMR,The Nest Realtor,the nest realtor,,,1,3.9
chennai,OMR,Ultra Realty,ultra realty,,,1,3.9
chennai,OMR,Home Konnect,home konnect,,,1,3.9
chennai,OMR,South Zone Realty Consulting Pvt. Ltd.,south zone realty consulting pvt. ltd.,,,1,3.9
chennai,OMR,Coastal Property,coastal property,,,1,3.9
chennai,OMR,Chennai Gated Community,chennai gated community,,,1,3.9
chennai,OMR,Crystal Homes,crystal homes,,,1,3.9
chennai,OMR,Star Flyers Properties,star flyers properties,,,1,3.9
chennai,OMR,Dee Star Properties,dee star properties,,,1,3.9
chennai,OMR,Brixton Homes,brixton homes,,,1,3.9
chennai,OMR,Anjali Properties,anjali properties,,,1,3.9
chennai,OMR,Kirija Velmurugan,kirija velmurugan,,,1,3.9
chennai,OMR,Rajam Property Management Services Pvt Ltd,rajam property management services pvt ltd,,,1,3.9
chennai,OMR,G J Realty,g j realty,,,1,3.9
chennai,OMR,Narpavi Realty India,narpavi realty india,,,1,3.9
chennai,OMR,Propertykart Services Pvt Ltd,propertykart services pvt ltd,,,1,3.9
chennai,OMR,PKRealtyndPropertyMgt,pkrealtyndpropertymgt,,,1,3.9
chennai,OMR,Ravi Realty,ravi realty,,,1,3.9
chennai,OMR,Mehta Havens Ltd,mehta havens ltd,,,1,3.9
chennai,OMR,Priva Properties,priva properties,,,1,3.9
chennai,OMR,Propsteps Realty,propsteps realty,,,1,3.9
chennai,OMR,Prop Leaf,prop leaf,,,1,3.9
chennai,OMR,Prop Guider,prop guider,,,1,3.9
chennai,Sholinganallur,Urbanrise,urbanrise,,,1,3.9
chennai,Sholinganallur,Property Playbook,property playbook,,,1,3.9
chennai,Sholinganallur,Dee Star Properties,dee star properties,,,1,3.9
chennai,Sholinganallur,Saravanan,saravanan,,,1,3.9
chennai,Sholinganallur,South Zone Realty Consulting Pvt. Ltd.,south zone realty consulting pvt. ltd.,,,1,3.9
chennai,Sholinganallur,Hemdevs International Realty Services,hemdevs international realty services,,,1,3.9
chennai,Sholinganallur,Star Flyers Properties,star flyers properties,,,1,3.9
chennai,Sholinganallur,Dinesh Realty,dinesh realty,,,1,3.9
chennai,Sholinganallur,Brixton Homes,brixton homes,,,1,3.9
chennai,Sholinganallur,Connection Point,connection point,,,1,3.9
chennai,Sholinganallur,Crown Nd Keys Realty,crown nd keys realty,,,1,3.9
chennai,Sholinganallur,G J Realty,g j realty,,,1,3.9
chennai,Sholinganallur,Hanu Reddy Realty India Pvt. Ltd.,hanu reddy realty india pvt. ltd.,,,1,3.9
chennai,Sholinganallur,SRI SAI REALTY SERVICES,sri sai realty services,,,1,3.9
chennai,Sholinganallur,Home Finder,home finder,,,1,3.9
chennai,Sholinganallur,SGS Properties,sgs properties,,,1,3.9
chennai,Sholinganallur,Emaar Elite,emaar elite,,,1,3.9
chennai,Sholinganallur,Karpaga Priyanga,karpaga priyanga,,,1,3.9
chennai,Sholinganallur,Chennai Property Service,chennai property service,,,1,3.9
chennai,Sholinganallur,Elite Realtors,elite realtors,,,1,3.9
chennai,Sholinganallur,SRINIVASA PROPERTY MANAGEMENT,srinivasa property management,,,1,3.9
chennai,Sholinganallur,KAP Property Advisors,kap property advisors,,,1,3.9
chennai,Sholinganallur,Ultra Realty,ultra realty,,,1,3.9
chennai,Sholinganallur,Prop Guider,prop guider,,,1,3.9
chennai,Sholinganallur,Chennai Gated Community,chennai gated community,,,1,3.9
chennai,Sholinganallur,Aerial Living,aerial living,,,1,3.9
chennai,Sholinganallur,Marina Residences & Realty,marina residences & realty,,,1,3.9
chennai,Sholinganallur,Highland Consultant,highland consultant,,,1,3.9
chennai,Perungudi,Ultra Realty,ultra realty,,,1,3.9
chennai,Perungudi,Coastal Property,coastal property,,,1,3.9
chennai,Perungudi,Nook And Corner Properties,nook and corner properties,,,1,3.9
chennai,Perungudi,Crown Nd Keys Realty,crown nd keys realty,,,1,3.9
chennai,Perungudi,Matrix Realtor,matrix realtor,,,1,3.9
chennai,Perungudi,Kothari Estates,kothari estates,,,1,3.9
chennai,Perungudi,Home Finder,home finder,,,1,3.9
chennai,Perungudi,R M REALTORS,r m realtors,,,1,3.9
chennai,Perungudi,Kenra Properties Private Limited,kenra properties private limited,,,1,3.9
chennai,Perungudi,Parthiban,parthiban,,,1,3.9
chennai,Perungudi,CGC Homes LLP,cgc homes llp,,,1,3.9
chennai,Perungudi,SRINIVASA PROPERTY MANAGEMENT,srinivasa property management,,,1,3.9
chennai,Perungudi,Right Move Aspects,right move aspects,,,1,3.9
chennai,Perungudi,JLL,jll,,,1,3.9
chennai,Perungudi,SRS Chennai Properties,srs chennai properties,,,1,3.9
chennai,Perungudi,Adyar Prop Realty,adyar prop realty,,,1,3.9
chennai,Perungudi,Madras Two Realtor,madras two realtor,,,1,3.9
chennai,Perungudi,The Nest Realtor,the nest realtor,,,1,3.9
chennai,Perungudi,Moon Realtors,moon realtors,,,1,3.9
chennai,Perungudi,Connection Point,connection point,,,1,3.9
chennai,Perungudi,Prop Guider,prop guider,,,1,3.9
chennai,Perungudi,Sky High Realty Ventures,sky high realty ventures,,,1,3.9
chennai,Perungudi,Karpaga Priyanga,karpaga priyanga,,,1,3.9
chennai,Perungudi,Oceans Five Home,oceans five home,,,1,3.9
chennai,Perungudi,Marutham Prop Consulting Pvt Ltd,marutham prop consulting pvt ltd,,,1,3.9
chennai,Perungudi,Property Playbook,property playbook,,,1,3.9
chennai,Siruseri,Royal Land And Developer,royal land and developer,,,1,3.9
chennai,Siruseri,Property Playbook,property playbook,,,1,3.9
chennai,Siruseri,South Zone Realty Consulting Pvt. Ltd.,south zone realty consulting pvt. ltd.,,,1,3.9
chennai,Siruseri,Crystal Homes,crystal homes,,,1,3.9
chennai,Siruseri,Chennai Gated Community,chennai gated community,,,1,3.9
chennai,Siruseri,Prop Guider,prop guider,,,1,3.9
chennai,Siruseri,Medsea Properties,medsea properties,,,1,3.9
chennai,Siruseri,I BRAND MARKETING SOLUTIONS,i brand marketing solutions,,,1,3.9
chennai,Siruseri,Priva Properties,priva properties,,,1,3.9
chennai,Siruseri,Trio Dolph Business Solutions,trio dolph business solutions,,,1,3.9
chennai,Siruseri,Propsteps Realty,propsteps realty,,,1,3.9
chennai,Siruseri,Moon Realtors,moon realtors,,,1,3.9
chennai,Siruseri,Connection Point,connection point,,,1,3.9
