platform,group_name,link,category,city_focus,source_site
WhatsApp,True Real Estate (CBE),https://chat.whatsapp.com/KDjrHpFaJSb95BbIWLrDjL,NRI Real Estate,CBE,grouplink.com.in
WhatsApp,Havenique Real estate investment,https://chat.whatsapp.com/EzxB0SFRZDF5EfH4mHfg4O,NRI Real Estate,,grouplink.com.in
WhatsApp,Earn daily uk,https://chat.whatsapp.com/LpRvldgxtzRHsONfplysDn,NRI Real Estate,,grouplink.com.in
WhatsApp,AYODES SURVEYING AnD PROPERTIES LIMITED,https://chat.whatsapp.com/J5qwW5E3r1W99GEBLKdIPp,NRI Real Estate,,grouplink.com.in
WhatsApp,In-House Properties (Real Estate),https://chat.whatsapp.com/FR9zUcLX9dEEDAItU3GUSV,NRI Real Estate,,grouplink.com.in
WhatsApp,Mr _ JC MARKET PLACE,https://chat.whatsapp.com/Fig14fGOStIAdWfgvnLkpr,NRI Real Estate,,grouplink.com.in
WhatsApp,INTERIOR AND CONSTRUCTION,https://chat.whatsapp.com/K9VvsIh83uyC2ncPPuYGl9,NRI Real Estate,,grouplink.com.in
WhatsApp,Fourquarters Realestate Banglore.,https://chat.whatsapp.com/DprN2cRwXN6DKI20wt8DRP,NRI Real Estate,Banglore,grouplink.com.in
WhatsApp,Bhawani PROPERTY’S Point Information VIDISHA (Group 2),https://chat.whatsapp.com/DNRHklhd9uJKW67rzcCF42,NRI Real Estate,Vidisha,grouplink.com.in
WhatsApp,Shivay Real Estate 2,https://chat.whatsapp.com/CIAIzbFgpFo2q8aDDP0k5j,NRI Real Estate,,grouplink.com.in
WhatsApp,Real Estate Agent Zanzibar,https://chat.whatsapp.com/KGtJTPwUHTtEGyQNvGQxMA,NRI Real Estate,Zanzibar,grouplink.com.in
WhatsApp,Buy or sell land in india,https://chat.whatsapp.com/Fs0z7ayKowH3p5kD4Q2kfV,NRI Real Estate,,grouplink.com.in
WhatsApp,MY REAL estate,https://chat.whatsapp.com/Evekc0pieG03PFTDqqJr4s,NRI Real Estate,,grouplink.com.in
WhatsApp,NESTOCK.IN WEALTH MANAGEMENT SERVICE’S,https://chat.whatsapp.com/EUBWL9kwfp5BkJ5LFp6vFf,NRI Real Estate,,grouplink.com.in
WhatsApp,Earn With GM Real Estate,https://chat.whatsapp.com/GBF4l7Syg0bIG5mREJrSuy,NRI Real Estate,,grouplink.com.in
WhatsApp,Real estate,https://chat.whatsapp.com/DhDlFHlumB6HMqOhpztOYW,NRI Real Estate,,grouplink.com.in
WhatsApp,Commercial and residential Property,https://chat.whatsapp.com/GwPCT8vwmhJAjba9omX2hg,NRI Real Estate,,grouplink.com.in
WhatsApp,Buying and selling of properties and lands,https://chat.whatsapp.com/BZmozGdUAEw9lyOL7pcyKu,NRI Real Estate,,grouplink.com.in
WhatsApp,YAMKA PROPERTIES 001,https://chat.whatsapp.com/FvmLsSMo6o96OwzDyWXqpT,NRI Real Estate,,grouplink.com.in
WhatsApp,Properties Business India RENT SELL BUY,https://chat.whatsapp.com/Hcg1nCJcLJhHPUzYygMq20,NRI Real Estate,,grouplink.com.in
WhatsApp,Corporate real estate,https://chat.whatsapp.com/FTF8ho2wQgeCEiDucbI8AR,NRI Real Estate,,grouplink.com.in
WhatsApp,NRI-Vizag RealEstate,https://chat.whatsapp.com/invite/6khFAWdJcbNFN9uXL6suZd,NRI Real Estate,,grouplink.com.in
WhatsApp,International Property CP,https://chat.whatsapp.com/invite/INvH2EVY43z5CQgpyMkg0I,NRI Real Estate,,grouplink.com.in
WhatsApp,Comercial real estate,https://chat.whatsapp.com/FgZleBBaS8TKuxMkGFnMVr,NRI Real Estate,,grouplink.com.in
WhatsApp,Our Company,https://chat.whatsapp.com/DP38b6co7EHErhdHIi3GHe,NRI Real Estate,,grouplink.com.in
WhatsApp,"Real estate Mumbai, Thane",https://chat.whatsapp.com/GPnOMnDuTiz8bKX3QiJ6oC,NRI Real Estate,Mumbai,grouplink.com.in
WhatsApp,"Hyderabad flats ,Houses, lands",https://chat.whatsapp.com/K6jDaxBdOruEfC93GV3YVm,NRI Real Estate,Hyderabad,grouplink.com.in
WhatsApp,AY group property,https://chat.whatsapp.com/LpcWsTmCR2NHvyXp3zm60z,NRI Real Estate,,grouplink.com.in
WhatsApp,Aurangabad real estate,https://chat.whatsapp.com/FanJ8puEiXLKYXAVAEAdx2,NRI Real Estate,Aurangabad,grouplink.com.in
WhatsApp,Paris intl properties,https://chat.whatsapp.com/I8Qq5d21lDIIl6PDIPc7rq,NRI Real Estate,,grouplink.com.in
WhatsApp,Property sale and purchase Pakistan only,https://chat.whatsapp.com/JH5b02dq2Ld7tJA4OWDP0f,NRI Real Estate,,grouplink.com.in
WhatsApp,Jaipur plotproperty group,https://chat.whatsapp.com/DblJtXWztyVBkIsOtZe3an,NRI Real Estate,,grouplink.com.in
WhatsApp,Real estate Hyderabad,https://chat.whatsapp.com/Ds5lwC5JM3I3LQMiHZZClD,NRI Real Estate,Hyderabad,grouplink.com.in
WhatsApp,SRIPMSPL CONTRACTORS,https://chat.whatsapp.com/KrTMqmzNCOx6518NSUoRsA,NRI Real Estate,,grouplink.com.in
WhatsApp,umascape,https://chat.whatsapp.com/FqphMzu0twP7T8TJ1GXL4g,NRI Real Estate,,grouplink.com.in
WhatsApp,Property Booster,https://chat.whatsapp.com/FE7l37sw0maGMUrs0GOC7F,NRI Real Estate,,grouplink.com.in
WhatsApp,Prashant builders,https://chat.whatsapp.com/DPjT5Fx2bP0LNJT2Eu4yTE,NRI Real Estate,,grouplink.com.in
WhatsApp,Khodal shyam estate,https://chat.whatsapp.com/LploThXPxCx10FVY39MzvU,NRI Real Estate,,grouplink.com.in
WhatsApp,Real estate Delhi Leader,https://chat.whatsapp.com/DfjQ5FusVqfCrcbcMr9bkj,NRI Real Estate,Delhi,grouplink.com.in
WhatsApp,Real estate Lucknow Dealers,https://chat.whatsapp.com/EnKKxVUPFJT9mTN1zVj6UU,NRI Real Estate,,grouplink.com.in
WhatsApp,Real estate Mumbai Dealers,https://chat.whatsapp.com/IhbD9iE7q5MBpCobstB05k,NRI Real Estate,Mumbai,grouplink.com.in
WhatsApp,Real estate Business ghaziabad,https://chat.whatsapp.com/D4dOtgl8eSe2hJ3su3mose,NRI Real Estate,,grouplink.com.in
WhatsApp,Bangalore real-estate,https://chat.whatsapp.com/JBGwtJAm1wl0N8e5U4RnlM,NRI Real Estate,Bangalore,grouplink.com.in
WhatsApp,PLOTS IN NAIROBI FOR SALE,https://chat.whatsapp.com/LyT4uOMH3xrINr6a54BfRw,NRI Real Estate,,grouplink.com.in
WhatsApp,Ramanathapuram,https://chat.whatsapp.com/HKauQoJ2s5r2hH9F1FK6BM,NRI Real Estate,,grouplink.com.in
WhatsApp,Ravan’s Properties,https://chat.whatsapp.com/GC1tODKAfRgLUtudQLzGZ8,NRI Real Estate,,grouplink.com.in
WhatsApp,Footpath real estate 1,https://chat.whatsapp.com/ElfvceHpgt0CIOHhlHin5k,NRI Real Estate,,grouplink.com.in
WhatsApp,Bangalore Realty experts,https://chat.whatsapp.com/KsorWesimv90B6xphorbgS,NRI Real Estate,Bangalore,grouplink.com.in
WhatsApp,Bangalore Realty Brokers,https://chat.whatsapp.com/FjFbf3d57YZEX6eLwDPhGY,NRI Real Estate,Bangalore,grouplink.com.in
WhatsApp,Bangalore Real Investors,https://chat.whatsapp.com/KV1ARsKmmlR8M6bW5UjVD1,NRI Real Estate,Bangalore,grouplink.com.in
WhatsApp,JD lands in Bangalore,https://chat.whatsapp.com/E0xqoLvsSmT7cbgERHFuxa,NRI Real Estate,Bangalore,grouplink.com.in
WhatsApp,Dubai Real estate Invest,https://chat.whatsapp.com/GcrtL9ZafQo2soMfvrR7Le,NRI Real Estate,Dubai,grouplink.com.in
WhatsApp,Real Estate Experts,https://chat.whatsapp.com/G8tjbHtFSqe06lFvO0gz27,NRI Real Estate,,grouplink.com.in
WhatsApp,Apartments Investors Blr,https://chat.whatsapp.com/KVM2YOeNfKp89lqWKOiO1z,NRI Real Estate,Blr,grouplink.com.in
WhatsApp,B’lore Real Estate Invest,https://chat.whatsapp.com/GtF4TMC6U9gCMbQFepCwPT,NRI Real Estate,,grouplink.com.in
WhatsApp,Nova Prime Assets,https://chat.whatsapp.com/EkdfmxHBE3WAzJycckIvqJ,NRI Real Estate,,grouplink.com.in
WhatsApp,Goa property rent or sell,https://chat.whatsapp.com/DCYBxvIYPcw4xhBmuGRtMh,NRI Real Estate,,grouplink.com.in
WhatsApp,Real estate friends,https://chat.whatsapp.com/FLln46IPWzFDbiNjdMi2IN,NRI Real Estate,,grouplink.com.in
WhatsApp,I wanna be a Real Estate investor in Portugal,https://chat.whatsapp.com/CYqU4NcyabsCaiNlpL4wbN,NRI Real Estate,,grouplink.com.in
WhatsApp,BUYERS AND SELLERS IN MASVINGO GRP,https://chat.whatsapp.com/EguXvaKUhQI8IRSILRPfZh,NRI Real Estate,,grouplink.com.in
WhatsApp,JAIPUR WALE DREAM HOME,https://chat.whatsapp.com/EnTEXU7sbGQ0pf2cvZsGnJ,NRI Real Estate,,grouplink.com.in
WhatsApp,MADHURANI ASSOCIATES,https://chat.whatsapp.com/0fN2JmuChYp5jmvkQQhIhx,NRI Real Estate,,grouplink.com.in
WhatsApp,Jai LaKsHmi PrOpErTiEs,https://chat.whatsapp.com/II3LEvaO4WVFuhubPQ05Kc,NRI Real Estate,,grouplink.com.in
WhatsApp,"ONLINE MARKET…CAR, PROPERTY. AND OTHERS",https://chat.whatsapp.com/BV2iv05bn3HA1mF7hpUNyb,NRI Real Estate,,grouplink.com.in
WhatsApp,surat property broker,https://chat.whatsapp.com/Kx1EdmjF0E0DDJEbb6Hgk2,NRI Real Estate,Surat,grouplink.com.in
WhatsApp,Distress Sale Properties,https://chat.whatsapp.com/FjrD19fVCFzLXO1jWQwQAU,Real Estate,,whtsagrouplinks.com
WhatsApp,महादेव प्रॉपर्टी प्लाट खरीदने बेचने के लिए संपर्क करें,https://chat.whatsapp.com/ItEb3dXJPykGHxkIgKLfm7,Real Estate,,whtsagrouplinks.com
WhatsApp,Contractors and Subcontractors,https://chat.whatsapp.com/Ew3WPyZb3vJGBqaR48ohSV,Real Estate,,whtsagrouplinks.com
WhatsApp,Ahemdabad Real Estate 357,https://chat.whatsapp.com/EJOYRp03tjF13rVYeq1U1P,Real Estate,Ahemdabad,whtsagrouplinks.com
WhatsApp,The Bengaluru Real Estate,https://chat.whatsapp.com/DYxX6XXDH3o4IdU1PBN9mi,Real Estate,,whtsagrouplinks.com
WhatsApp,Channel Partners – Real Estate Hyderabad,https://chat.whatsapp.com/DrXDg8afpTFIV1JHwcdfEe,Real Estate,Hyderabad,whtsagrouplinks.com
WhatsApp,Bhawani Properties India,https://chat.whatsapp.com/LuikQH1Qk4zGWwgm9d2X9R,Real Estate,,whtsagrouplinks.com
WhatsApp,Real Estate Tamil Nadu (CBE),https://chat.whatsapp.com/IXdinOZodRKCjgMyQxU8t7,Real Estate,CBE,whtsagrouplinks.com
